response,noun,nounclass,predicate1,predicate2,class1,class2,slide_number,age_range,first_language,in_argentina,current_english_study,previous_english_study,english_level,english_at_home,learned_adj_order,comments,Browser,OS,screenH,screenW,video_condition,age_group,consent,guardian_name,time_in_minutes,participant_id,assess
0.63,banana,food,big,blue,size,color,6,18-24,Greg,No,Yes,No,A2,,,greg,Safari,Mac,1440,2560,trad,adult,adult_consent,,1.1196166666666667,1,
0.28,desk,furniture,bad,soft,quality,texture,7,18-24,Greg,No,Yes,No,A2,,,greg,Safari,Mac,1440,2560,trad,adult,adult_consent,,1.1196166666666667,1,
1.0,fan,furniture,soft,square,texture,shape,6,25-34,Español,Yes,Yes,Yes,B2_or_higher,No,Yes_detailed,"I was confused by some items because certain adjectives could fit more than one category. For example, I was unsure how to interpret fresh in “fresh long chair”: it could refer to age/condition (“new”) or to quality/opinion",Chrome,Windows,864,1536,trad,adult,adult_consent,,21.061383333333332,2,Confused
0.0,fan,furniture,smooth,new,texture,age,7,25-34,Español,Yes,Yes,Yes,B2_or_higher,No,Yes_detailed,"I was confused by some items because certain adjectives could fit more than one category. For example, I was unsure how to interpret fresh in “fresh long chair”: it could refer to age/condition (“new”) or to quality/opinion",Chrome,Windows,864,1536,trad,adult,adult_consent,,21.061383333333332,2,Confused
1.0,cheese,food,huge,fresh,size,age,8,25-34,Español,Yes,Yes,Yes,B2_or_higher,No,Yes_detailed,"I was confused by some items because certain adjectives could fit more than one category. For example, I was unsure how to interpret fresh in “fresh long chair”: it could refer to age/condition (“new”) or to quality/opinion",Chrome,Windows,864,1536,trad,adult,adult_consent,,21.061383333333332,2,Confused
0.0,desk,furniture,old,short,age,size,9,25-34,Español,Yes,Yes,Yes,B2_or_higher,No,Yes_detailed,"I was confused by some items because certain adjectives could fit more than one category. For example, I was unsure how to interpret fresh in “fresh long chair”: it could refer to age/condition (“new”) or to quality/opinion",Chrome,Windows,864,1536,trad,adult,adult_consent,,21.061383333333332,2,Confused
1.0,banana,food,small,hard,size,texture,10,25-34,Español,Yes,Yes,Yes,B2_or_higher,No,Yes_detailed,"I was confused by some items because certain adjectives could fit more than one category. For example, I was unsure how to interpret fresh in “fresh long chair”: it could refer to age/condition (“new”) or to quality/opinion",Chrome,Windows,864,1536,trad,adult,adult_consent,,21.061383333333332,2,Confused
1.0,carrot,food,tiny,blue,size,color,11,25-34,Español,Yes,Yes,Yes,B2_or_higher,No,Yes_detailed,"I was confused by some items because certain adjectives could fit more than one category. For example, I was unsure how to interpret fresh in “fresh long chair”: it could refer to age/condition (“new”) or to quality/opinion",Chrome,Windows,864,1536,trad,adult,adult_consent,,21.061383333333332,2,Confused
1.0,fan,furniture,big,new,size,age,12,25-34,Español,Yes,Yes,Yes,B2_or_higher,No,Yes_detailed,"I was confused by some items because certain adjectives could fit more than one category. For example, I was unsure how to interpret fresh in “fresh long chair”: it could refer to age/condition (“new”) or to quality/opinion",Chrome,Windows,864,1536,trad,adult,adult_consent,,21.061383333333332,2,Confused
1.0,chair,furniture,long,fresh,size,age,13,25-34,Español,Yes,Yes,Yes,B2_or_higher,No,Yes_detailed,"I was confused by some items because certain adjectives could fit more than one category. For example, I was unsure how to interpret fresh in “fresh long chair”: it could refer to age/condition (“new”) or to quality/opinion",Chrome,Windows,864,1536,trad,adult,adult_consent,,21.061383333333332,2,Confused
0.0,TV,furniture,purple,bad,color,quality,14,25-34,Español,Yes,Yes,Yes,B2_or_higher,No,Yes_detailed,"I was confused by some items because certain adjectives could fit more than one category. For example, I was unsure how to interpret fresh in “fresh long chair”: it could refer to age/condition (“new”) or to quality/opinion",Chrome,Windows,864,1536,trad,adult,adult_consent,,21.061383333333332,2,Confused
0.0,chair,furniture,blue,tiny,color,size,15,25-34,Español,Yes,Yes,Yes,B2_or_higher,No,Yes_detailed,"I was confused by some items because certain adjectives could fit more than one category. For example, I was unsure how to interpret fresh in “fresh long chair”: it could refer to age/condition (“new”) or to quality/opinion",Chrome,Windows,864,1536,trad,adult,adult_consent,,21.061383333333332,2,Confused
1.0,tomato,food,fresh,green,age,color,16,25-34,Español,Yes,Yes,Yes,B2_or_higher,No,Yes_detailed,"I was confused by some items because certain adjectives could fit more than one category. For example, I was unsure how to interpret fresh in “fresh long chair”: it could refer to age/condition (“new”) or to quality/opinion",Chrome,Windows,864,1536,trad,adult,adult_consent,,21.061383333333332,2,Confused
0.0,banana,food,wooden,yellow,material,color,17,25-34,Español,Yes,Yes,Yes,B2_or_higher,No,Yes_detailed,"I was confused by some items because certain adjectives could fit more than one category. For example, I was unsure how to interpret fresh in “fresh long chair”: it could refer to age/condition (“new”) or to quality/opinion",Chrome,Windows,864,1536,trad,adult,adult_consent,,21.061383333333332,2,Confused
0.0,couch,furniture,rotten,soft,age,texture,18,25-34,Español,Yes,Yes,Yes,B2_or_higher,No,Yes_detailed,"I was confused by some items because certain adjectives could fit more than one category. For example, I was unsure how to interpret fresh in “fresh long chair”: it could refer to age/condition (“new”) or to quality/opinion",Chrome,Windows,864,1536,trad,adult,adult_consent,,21.061383333333332,2,Confused
1.0,banana,food,old,red,age,color,19,25-34,Español,Yes,Yes,Yes,B2_or_higher,No,Yes_detailed,"I was confused by some items because certain adjectives could fit more than one category. For example, I was unsure how to interpret fresh in “fresh long chair”: it could refer to age/condition (“new”) or to quality/opinion",Chrome,Windows,864,1536,trad,adult,adult_consent,,21.061383333333332,2,Confused
0.0,carrot,food,metal,big,material,size,20,25-34,Español,Yes,Yes,Yes,B2_or_higher,No,Yes_detailed,"I was confused by some items because certain adjectives could fit more than one category. For example, I was unsure how to interpret fresh in “fresh long chair”: it could refer to age/condition (“new”) or to quality/opinion",Chrome,Windows,864,1536,trad,adult,adult_consent,,21.061383333333332,2,Confused
1.0,desk,furniture,long,blue,size,color,21,25-34,Español,Yes,Yes,Yes,B2_or_higher,No,Yes_detailed,"I was confused by some items because certain adjectives could fit more than one category. For example, I was unsure how to interpret fresh in “fresh long chair”: it could refer to age/condition (“new”) or to quality/opinion",Chrome,Windows,864,1536,trad,adult,adult_consent,,21.061383333333332,2,Confused
0.0,banana,food,wooden,short,material,size,22,25-34,Español,Yes,Yes,Yes,B2_or_higher,No,Yes_detailed,"I was confused by some items because certain adjectives could fit more than one category. For example, I was unsure how to interpret fresh in “fresh long chair”: it could refer to age/condition (“new”) or to quality/opinion",Chrome,Windows,864,1536,trad,adult,adult_consent,,21.061383333333332,2,Confused
0.0,cheese,food,yellow,bad,color,quality,23,25-34,Español,Yes,Yes,Yes,B2_or_higher,No,Yes_detailed,"I was confused by some items because certain adjectives could fit more than one category. For example, I was unsure how to interpret fresh in “fresh long chair”: it could refer to age/condition (“new”) or to quality/opinion",Chrome,Windows,864,1536,trad,adult,adult_consent,,21.061383333333332,2,Confused
1.0,TV,furniture,new,purple,age,color,24,25-34,Español,Yes,Yes,Yes,B2_or_higher,No,Yes_detailed,"I was confused by some items because certain adjectives could fit more than one category. For example, I was unsure how to interpret fresh in “fresh long chair”: it could refer to age/condition (“new”) or to quality/opinion",Chrome,Windows,864,1536,trad,adult,adult_consent,,21.061383333333332,2,Confused
0.0,banana,food,green,big,color,size,25,25-34,Español,Yes,Yes,Yes,B2_or_higher,No,Yes_detailed,"I was confused by some items because certain adjectives could fit more than one category. For example, I was unsure how to interpret fresh in “fresh long chair”: it could refer to age/condition (“new”) or to quality/opinion",Chrome,Windows,864,1536,trad,adult,adult_consent,,21.061383333333332,2,Confused
0.0,chair,furniture,yellow,huge,color,size,26,25-34,Español,Yes,Yes,Yes,B2_or_higher,No,Yes_detailed,"I was confused by some items because certain adjectives could fit more than one category. For example, I was unsure how to interpret fresh in “fresh long chair”: it could refer to age/condition (“new”) or to quality/opinion",Chrome,Windows,864,1536,trad,adult,adult_consent,,21.061383333333332,2,Confused
0.0,tomato,food,big,bad,size,quality,27,25-34,Español,Yes,Yes,Yes,B2_or_higher,No,Yes_detailed,"I was confused by some items because certain adjectives could fit more than one category. For example, I was unsure how to interpret fresh in “fresh long chair”: it could refer to age/condition (“new”) or to quality/opinion",Chrome,Windows,864,1536,trad,adult,adult_consent,,21.061383333333332,2,Confused
0.0,apple,food,rotten,small,age,size,28,25-34,Español,Yes,Yes,Yes,B2_or_higher,No,Yes_detailed,"I was confused by some items because certain adjectives could fit more than one category. For example, I was unsure how to interpret fresh in “fresh long chair”: it could refer to age/condition (“new”) or to quality/opinion",Chrome,Windows,864,1536,trad,adult,adult_consent,,21.061383333333332,2,Confused
0.0,couch,furniture,plastic,huge,material,size,29,25-34,Español,Yes,Yes,Yes,B2_or_higher,No,Yes_detailed,"I was confused by some items because certain adjectives could fit more than one category. For example, I was unsure how to interpret fresh in “fresh long chair”: it could refer to age/condition (“new”) or to quality/opinion",Chrome,Windows,864,1536,trad,adult,adult_consent,,21.061383333333332,2,Confused
1.0,desk,furniture,short,wooden,size,material,30,25-34,Español,Yes,Yes,Yes,B2_or_higher,No,Yes_detailed,"I was confused by some items because certain adjectives could fit more than one category. For example, I was unsure how to interpret fresh in “fresh long chair”: it could refer to age/condition (“new”) or to quality/opinion",Chrome,Windows,864,1536,trad,adult,adult_consent,,21.061383333333332,2,Confused
0.0,fan,furniture,plastic,bad,material,quality,31,25-34,Español,Yes,Yes,Yes,B2_or_higher,No,Yes_detailed,"I was confused by some items because certain adjectives could fit more than one category. For example, I was unsure how to interpret fresh in “fresh long chair”: it could refer to age/condition (“new”) or to quality/opinion",Chrome,Windows,864,1536,trad,adult,adult_consent,,21.061383333333332,2,Confused
0.07,carrot,food,square,soft,shape,texture,6,25-34,Español,Yes,No,Yes,A2,No,No,Me pareció interesante ya que nunca me habían enseñado esto. Me servirá mucho a la hora de tener que expresarme y dar detalles sobre algo. Por ahí me confundí en algunas palabras porque no las conocía. Pero el orden de los adjetivos se entendió ,Chrome,Linux,904,407,trad,adult,adult_consent,,12.103883333333334,3,Yes
0.95,TV,furniture,hard,new,texture,age,7,25-34,Español,Yes,No,Yes,A2,No,No,Me pareció interesante ya que nunca me habían enseñado esto. Me servirá mucho a la hora de tener que expresarme y dar detalles sobre algo. Por ahí me confundí en algunas palabras porque no las conocía. Pero el orden de los adjetivos se entendió ,Chrome,Linux,904,407,trad,adult,adult_consent,,12.103883333333334,3,Yes
0.03,apple,food,green,rotten,color,age,8,25-34,Español,Yes,No,Yes,A2,No,No,Me pareció interesante ya que nunca me habían enseñado esto. Me servirá mucho a la hora de tener que expresarme y dar detalles sobre algo. Por ahí me confundí en algunas palabras porque no las conocía. Pero el orden de los adjetivos se entendió ,Chrome,Linux,904,407,trad,adult,adult_consent,,12.103883333333334,3,Yes
0.1,carrot,food,purple,hard,color,texture,9,25-34,Español,Yes,No,Yes,A2,No,No,Me pareció interesante ya que nunca me habían enseñado esto. Me servirá mucho a la hora de tener que expresarme y dar detalles sobre algo. Por ahí me confundí en algunas palabras porque no las conocía. Pero el orden de los adjetivos se entendió ,Chrome,Linux,904,407,trad,adult,adult_consent,,12.103883333333334,3,Yes
0.92,desk,furniture,hard,red,texture,color,10,25-34,Español,Yes,No,Yes,A2,No,No,Me pareció interesante ya que nunca me habían enseñado esto. Me servirá mucho a la hora de tener que expresarme y dar detalles sobre algo. Por ahí me confundí en algunas palabras porque no las conocía. Pero el orden de los adjetivos se entendió ,Chrome,Linux,904,407,trad,adult,adult_consent,,12.103883333333334,3,Yes
0.9,chair,furniture,wooden,green,material,color,11,25-34,Español,Yes,No,Yes,A2,No,No,Me pareció interesante ya que nunca me habían enseñado esto. Me servirá mucho a la hora de tener que expresarme y dar detalles sobre algo. Por ahí me confundí en algunas palabras porque no las conocía. Pero el orden de los adjetivos se entendió ,Chrome,Linux,904,407,trad,adult,adult_consent,,12.103883333333334,3,Yes
0.08,carrot,food,blue,smooth,color,texture,12,25-34,Español,Yes,No,Yes,A2,No,No,Me pareció interesante ya que nunca me habían enseñado esto. Me servirá mucho a la hora de tener que expresarme y dar detalles sobre algo. Por ahí me confundí en algunas palabras porque no las conocía. Pero el orden de los adjetivos se entendió ,Chrome,Linux,904,407,trad,adult,adult_consent,,12.103883333333334,3,Yes
0.08,cheese,food,small,hard,size,texture,13,25-34,Español,Yes,No,Yes,A2,No,No,Me pareció interesante ya que nunca me habían enseñado esto. Me servirá mucho a la hora de tener que expresarme y dar detalles sobre algo. Por ahí me confundí en algunas palabras porque no las conocía. Pero el orden de los adjetivos se entendió ,Chrome,Linux,904,407,trad,adult,adult_consent,,12.103883333333334,3,Yes
0.09,carrot,food,long,bad,size,quality,14,25-34,Español,Yes,No,Yes,A2,No,No,Me pareció interesante ya que nunca me habían enseñado esto. Me servirá mucho a la hora de tener que expresarme y dar detalles sobre algo. Por ahí me confundí en algunas palabras porque no las conocía. Pero el orden de los adjetivos se entendió ,Chrome,Linux,904,407,trad,adult,adult_consent,,12.103883333333334,3,Yes
0.93,desk,furniture,rotten,big,age,size,15,25-34,Español,Yes,No,Yes,A2,No,No,Me pareció interesante ya que nunca me habían enseñado esto. Me servirá mucho a la hora de tener que expresarme y dar detalles sobre algo. Por ahí me confundí en algunas palabras porque no las conocía. Pero el orden de los adjetivos se entendió ,Chrome,Linux,904,407,trad,adult,adult_consent,,12.103883333333334,3,Yes
0.06,desk,furniture,huge,smooth,size,texture,16,25-34,Español,Yes,No,Yes,A2,No,No,Me pareció interesante ya que nunca me habían enseñado esto. Me servirá mucho a la hora de tener que expresarme y dar detalles sobre algo. Por ahí me confundí en algunas palabras porque no las conocía. Pero el orden de los adjetivos se entendió ,Chrome,Linux,904,407,trad,adult,adult_consent,,12.103883333333334,3,Yes
0.06,fan,furniture,round,fresh,shape,age,17,25-34,Español,Yes,No,Yes,A2,No,No,Me pareció interesante ya que nunca me habían enseñado esto. Me servirá mucho a la hora de tener que expresarme y dar detalles sobre algo. Por ahí me confundí en algunas palabras porque no las conocía. Pero el orden de los adjetivos se entendió ,Chrome,Linux,904,407,trad,adult,adult_consent,,12.103883333333334,3,Yes
0.93,cheese,food,wooden,small,material,size,18,25-34,Español,Yes,No,Yes,A2,No,No,Me pareció interesante ya que nunca me habían enseñado esto. Me servirá mucho a la hora de tener que expresarme y dar detalles sobre algo. Por ahí me confundí en algunas palabras porque no las conocía. Pero el orden de los adjetivos se entendió ,Chrome,Linux,904,407,trad,adult,adult_consent,,12.103883333333334,3,Yes
0.07,tomato,food,old,soft,age,texture,19,25-34,Español,Yes,No,Yes,A2,No,No,Me pareció interesante ya que nunca me habían enseñado esto. Me servirá mucho a la hora de tener que expresarme y dar detalles sobre algo. Por ahí me confundí en algunas palabras porque no las conocía. Pero el orden de los adjetivos se entendió ,Chrome,Linux,904,407,trad,adult,adult_consent,,12.103883333333334,3,Yes
0.92,desk,furniture,soft,brown,texture,color,20,25-34,Español,Yes,No,Yes,A2,No,No,Me pareció interesante ya que nunca me habían enseñado esto. Me servirá mucho a la hora de tener que expresarme y dar detalles sobre algo. Por ahí me confundí en algunas palabras porque no las conocía. Pero el orden de los adjetivos se entendió ,Chrome,Linux,904,407,trad,adult,adult_consent,,12.103883333333334,3,Yes
0.05,banana,food,square,smooth,shape,texture,21,25-34,Español,Yes,No,Yes,A2,No,No,Me pareció interesante ya que nunca me habían enseñado esto. Me servirá mucho a la hora de tener que expresarme y dar detalles sobre algo. Por ahí me confundí en algunas palabras porque no las conocía. Pero el orden de los adjetivos se entendió ,Chrome,Linux,904,407,trad,adult,adult_consent,,12.103883333333334,3,Yes
0.99,banana,food,old,blue,age,color,22,25-34,Español,Yes,No,Yes,A2,No,No,Me pareció interesante ya que nunca me habían enseñado esto. Me servirá mucho a la hora de tener que expresarme y dar detalles sobre algo. Por ahí me confundí en algunas palabras porque no las conocía. Pero el orden de los adjetivos se entendió ,Chrome,Linux,904,407,trad,adult,adult_consent,,12.103883333333334,3,Yes
0.98,desk,furniture,red,plastic,color,material,23,25-34,Español,Yes,No,Yes,A2,No,No,Me pareció interesante ya que nunca me habían enseñado esto. Me servirá mucho a la hora de tener que expresarme y dar detalles sobre algo. Por ahí me confundí en algunas palabras porque no las conocía. Pero el orden de los adjetivos se entendió ,Chrome,Linux,904,407,trad,adult,adult_consent,,12.103883333333334,3,Yes
0.93,couch,furniture,hard,yellow,texture,color,24,25-34,Español,Yes,No,Yes,A2,No,No,Me pareció interesante ya que nunca me habían enseñado esto. Me servirá mucho a la hora de tener que expresarme y dar detalles sobre algo. Por ahí me confundí en algunas palabras porque no las conocía. Pero el orden de los adjetivos se entendió ,Chrome,Linux,904,407,trad,adult,adult_consent,,12.103883333333334,3,Yes
0.11,couch,furniture,metal,purple,material,color,25,25-34,Español,Yes,No,Yes,A2,No,No,Me pareció interesante ya que nunca me habían enseñado esto. Me servirá mucho a la hora de tener que expresarme y dar detalles sobre algo. Por ahí me confundí en algunas palabras porque no las conocía. Pero el orden de los adjetivos se entendió ,Chrome,Linux,904,407,trad,adult,adult_consent,,12.103883333333334,3,Yes
0.93,apple,food,small,plastic,size,material,26,25-34,Español,Yes,No,Yes,A2,No,No,Me pareció interesante ya que nunca me habían enseñado esto. Me servirá mucho a la hora de tener que expresarme y dar detalles sobre algo. Por ahí me confundí en algunas palabras porque no las conocía. Pero el orden de los adjetivos se entendió ,Chrome,Linux,904,407,trad,adult,adult_consent,,12.103883333333334,3,Yes
0.1,fan,furniture,green,big,color,size,27,25-34,Español,Yes,No,Yes,A2,No,No,Me pareció interesante ya que nunca me habían enseñado esto. Me servirá mucho a la hora de tener que expresarme y dar detalles sobre algo. Por ahí me confundí en algunas palabras porque no las conocía. Pero el orden de los adjetivos se entendió ,Chrome,Linux,904,407,trad,adult,adult_consent,,12.103883333333334,3,Yes
0.1,couch,furniture,blue,good,color,quality,28,25-34,Español,Yes,No,Yes,A2,No,No,Me pareció interesante ya que nunca me habían enseñado esto. Me servirá mucho a la hora de tener que expresarme y dar detalles sobre algo. Por ahí me confundí en algunas palabras porque no las conocía. Pero el orden de los adjetivos se entendió ,Chrome,Linux,904,407,trad,adult,adult_consent,,12.103883333333334,3,Yes
0.91,chair,furniture,hard,brown,texture,color,29,25-34,Español,Yes,No,Yes,A2,No,No,Me pareció interesante ya que nunca me habían enseñado esto. Me servirá mucho a la hora de tener que expresarme y dar detalles sobre algo. Por ahí me confundí en algunas palabras porque no las conocía. Pero el orden de los adjetivos se entendió ,Chrome,Linux,904,407,trad,adult,adult_consent,,12.103883333333334,3,Yes
0.07,fan,furniture,red,small,color,size,30,25-34,Español,Yes,No,Yes,A2,No,No,Me pareció interesante ya que nunca me habían enseñado esto. Me servirá mucho a la hora de tener que expresarme y dar detalles sobre algo. Por ahí me confundí en algunas palabras porque no las conocía. Pero el orden de los adjetivos se entendió ,Chrome,Linux,904,407,trad,adult,adult_consent,,12.103883333333334,3,Yes
0.96,apple,food,soft,huge,texture,size,31,25-34,Español,Yes,No,Yes,A2,No,No,Me pareció interesante ya que nunca me habían enseñado esto. Me servirá mucho a la hora de tener que expresarme y dar detalles sobre algo. Por ahí me confundí en algunas palabras porque no las conocía. Pero el orden de los adjetivos se entendió ,Chrome,Linux,904,407,trad,adult,adult_consent,,12.103883333333334,3,Yes
0.99,fan,furniture,tiny,metal,size,material,6,18-24,Español,Yes,Yes,Yes,B1+,No,Yes_detailed,me resulto interesante y una actividad entretenida ,Chrome,Linux,857,384,trad,adult,adult_consent,,11.795183333333334,4,Yes
0.16,fan,furniture,wooden,square,material,shape,7,18-24,Español,Yes,Yes,Yes,B1+,No,Yes_detailed,me resulto interesante y una actividad entretenida ,Chrome,Linux,857,384,trad,adult,adult_consent,,11.795183333333334,4,Yes
0.87,chair,furniture,plastic,rotten,material,age,8,18-24,Español,Yes,Yes,Yes,B1+,No,Yes_detailed,me resulto interesante y una actividad entretenida ,Chrome,Linux,857,384,trad,adult,adult_consent,,11.795183333333334,4,Yes
0.91,TV,furniture,long,smooth,size,texture,9,18-24,Español,Yes,Yes,Yes,B1+,No,Yes_detailed,me resulto interesante y una actividad entretenida ,Chrome,Linux,857,384,trad,adult,adult_consent,,11.795183333333334,4,Yes
0.92,tomato,food,bad,hard,quality,texture,10,18-24,Español,Yes,Yes,Yes,B1+,No,Yes_detailed,me resulto interesante y una actividad entretenida ,Chrome,Linux,857,384,trad,adult,adult_consent,,11.795183333333334,4,Yes
0.05,cheese,food,metal,soft,material,texture,11,18-24,Español,Yes,Yes,Yes,B1+,No,Yes_detailed,me resulto interesante y una actividad entretenida ,Chrome,Linux,857,384,trad,adult,adult_consent,,11.795183333333334,4,Yes
0.91,banana,food,rotten,plastic,age,material,12,18-24,Español,Yes,Yes,Yes,B1+,No,Yes_detailed,me resulto interesante y una actividad entretenida ,Chrome,Linux,857,384,trad,adult,adult_consent,,11.795183333333334,4,Yes
0.01,fan,furniture,red,fresh,color,age,13,18-24,Español,Yes,Yes,Yes,B1+,No,Yes_detailed,me resulto interesante y una actividad entretenida ,Chrome,Linux,857,384,trad,adult,adult_consent,,11.795183333333334,4,Yes
0.03,apple,food,yellow,good,color,quality,14,18-24,Español,Yes,Yes,Yes,B1+,No,Yes_detailed,me resulto interesante y una actividad entretenida ,Chrome,Linux,857,384,trad,adult,adult_consent,,11.795183333333334,4,Yes
0.94,tomato,food,bad,long,quality,size,15,18-24,Español,Yes,Yes,Yes,B1+,No,Yes_detailed,me resulto interesante y una actividad entretenida ,Chrome,Linux,857,384,trad,adult,adult_consent,,11.795183333333334,4,Yes
0.1,chair,furniture,blue,hard,color,texture,16,18-24,Español,Yes,Yes,Yes,B1+,No,Yes_detailed,me resulto interesante y una actividad entretenida ,Chrome,Linux,857,384,trad,adult,adult_consent,,11.795183333333334,4,Yes
0.03,couch,furniture,wooden,bad,material,quality,17,18-24,Español,Yes,Yes,Yes,B1+,No,Yes_detailed,me resulto interesante y una actividad entretenida ,Chrome,Linux,857,384,trad,adult,adult_consent,,11.795183333333334,4,Yes
0.07,cheese,food,short,soft,size,texture,18,18-24,Español,Yes,Yes,Yes,B1+,No,Yes_detailed,me resulto interesante y una actividad entretenida ,Chrome,Linux,857,384,trad,adult,adult_consent,,11.795183333333334,4,Yes
0.05,couch,furniture,wooden,old,material,age,19,18-24,Español,Yes,Yes,Yes,B1+,No,Yes_detailed,me resulto interesante y una actividad entretenida ,Chrome,Linux,857,384,trad,adult,adult_consent,,11.795183333333334,4,Yes
0.05,cheese,food,metal,smooth,material,texture,20,18-24,Español,Yes,Yes,Yes,B1+,No,Yes_detailed,me resulto interesante y una actividad entretenida ,Chrome,Linux,857,384,trad,adult,adult_consent,,11.795183333333334,4,Yes
0.91,cheese,food,small,rotten,size,age,21,18-24,Español,Yes,Yes,Yes,B1+,No,Yes_detailed,me resulto interesante y una actividad entretenida ,Chrome,Linux,857,384,trad,adult,adult_consent,,11.795183333333334,4,Yes
0.93,carrot,food,fresh,wooden,age,material,22,18-24,Español,Yes,Yes,Yes,B1+,No,Yes_detailed,me resulto interesante y una actividad entretenida ,Chrome,Linux,857,384,trad,adult,adult_consent,,11.795183333333334,4,Yes
0.02,chair,furniture,blue,wooden,color,material,23,18-24,Español,Yes,Yes,Yes,B1+,No,Yes_detailed,me resulto interesante y una actividad entretenida ,Chrome,Linux,857,384,trad,adult,adult_consent,,11.795183333333334,4,Yes
0.05,chair,furniture,purple,long,color,size,24,18-24,Español,Yes,Yes,Yes,B1+,No,Yes_detailed,me resulto interesante y una actividad entretenida ,Chrome,Linux,857,384,trad,adult,adult_consent,,11.795183333333334,4,Yes
0.02,fan,furniture,blue,tiny,color,size,25,18-24,Español,Yes,Yes,Yes,B1+,No,Yes_detailed,me resulto interesante y una actividad entretenida ,Chrome,Linux,857,384,trad,adult,adult_consent,,11.795183333333334,4,Yes
0.07,carrot,food,yellow,fresh,color,age,26,18-24,Español,Yes,Yes,Yes,B1+,No,Yes_detailed,me resulto interesante y una actividad entretenida ,Chrome,Linux,857,384,trad,adult,adult_consent,,11.795183333333334,4,Yes
0.08,carrot,food,rotten,small,age,size,27,18-24,Español,Yes,Yes,Yes,B1+,No,Yes_detailed,me resulto interesante y una actividad entretenida ,Chrome,Linux,857,384,trad,adult,adult_consent,,11.795183333333334,4,Yes
0.98,desk,furniture,tiny,brown,size,color,28,18-24,Español,Yes,Yes,Yes,B1+,No,Yes_detailed,me resulto interesante y una actividad entretenida ,Chrome,Linux,857,384,trad,adult,adult_consent,,11.795183333333334,4,Yes
0.96,tomato,food,big,brown,size,color,29,18-24,Español,Yes,Yes,Yes,B1+,No,Yes_detailed,me resulto interesante y una actividad entretenida ,Chrome,Linux,857,384,trad,adult,adult_consent,,11.795183333333334,4,Yes
0.06,couch,furniture,yellow,old,color,age,30,18-24,Español,Yes,Yes,Yes,B1+,No,Yes_detailed,me resulto interesante y una actividad entretenida ,Chrome,Linux,857,384,trad,adult,adult_consent,,11.795183333333334,4,Yes
0.89,couch,furniture,fresh,long,age,size,31,18-24,Español,Yes,Yes,Yes,B1+,No,Yes_detailed,me resulto interesante y una actividad entretenida ,Chrome,Linux,857,384,trad,adult,adult_consent,,11.795183333333334,4,Yes
0.98,chair,furniture,red,smooth,color,texture,6,18-24,Español,Yes,Yes,Yes,B2_or_higher,No,Yes_detailed,,Chrome,Linux,892,412,subj,adult,adult_consent,,15.738183333333334,5,Confused
0.01,couch,furniture,smooth,long,texture,size,7,18-24,Español,Yes,Yes,Yes,B2_or_higher,No,Yes_detailed,,Chrome,Linux,892,412,subj,adult,adult_consent,,15.738183333333334,5,Confused
0.01,TV,furniture,round,tiny,shape,size,8,18-24,Español,Yes,Yes,Yes,B2_or_higher,No,Yes_detailed,,Chrome,Linux,892,412,subj,adult,adult_consent,,15.738183333333334,5,Confused
0.11,fan,furniture,square,good,shape,quality,9,18-24,Español,Yes,Yes,Yes,B2_or_higher,No,Yes_detailed,,Chrome,Linux,892,412,subj,adult,adult_consent,,15.738183333333334,5,Confused
0.88,carrot,food,long,wooden,size,material,10,18-24,Español,Yes,Yes,Yes,B2_or_higher,No,Yes_detailed,,Chrome,Linux,892,412,subj,adult,adult_consent,,15.738183333333334,5,Confused
0.92,carrot,food,soft,good,texture,quality,11,18-24,Español,Yes,Yes,Yes,B2_or_higher,No,Yes_detailed,,Chrome,Linux,892,412,subj,adult,adult_consent,,15.738183333333334,5,Confused
0.99,banana,food,big,purple,size,color,12,18-24,Español,Yes,Yes,Yes,B2_or_higher,No,Yes_detailed,,Chrome,Linux,892,412,subj,adult,adult_consent,,15.738183333333334,5,Confused
0.99,tomato,food,fresh,yellow,age,color,13,18-24,Español,Yes,Yes,Yes,B2_or_higher,No,Yes_detailed,,Chrome,Linux,892,412,subj,adult,adult_consent,,15.738183333333334,5,Confused
0.89,cheese,food,bad,green,quality,color,14,18-24,Español,Yes,Yes,Yes,B2_or_higher,No,Yes_detailed,,Chrome,Linux,892,412,subj,adult,adult_consent,,15.738183333333334,5,Confused
0.05,apple,food,short,blue,size,color,15,18-24,Español,Yes,Yes,Yes,B2_or_higher,No,Yes_detailed,,Chrome,Linux,892,412,subj,adult,adult_consent,,15.738183333333334,5,Confused
0.91,carrot,food,big,green,size,color,16,18-24,Español,Yes,Yes,Yes,B2_or_higher,No,Yes_detailed,,Chrome,Linux,892,412,subj,adult,adult_consent,,15.738183333333334,5,Confused
0.89,apple,food,long,purple,size,color,17,18-24,Español,Yes,Yes,Yes,B2_or_higher,No,Yes_detailed,,Chrome,Linux,892,412,subj,adult,adult_consent,,15.738183333333334,5,Confused
0.07,desk,furniture,hard,small,texture,size,18,18-24,Español,Yes,Yes,Yes,B2_or_higher,No,Yes_detailed,,Chrome,Linux,892,412,subj,adult,adult_consent,,15.738183333333334,5,Confused
0.96,tomato,food,red,metal,color,material,19,18-24,Español,Yes,Yes,Yes,B2_or_higher,No,Yes_detailed,,Chrome,Linux,892,412,subj,adult,adult_consent,,15.738183333333334,5,Confused
0.9,banana,food,fresh,blue,age,color,20,18-24,Español,Yes,Yes,Yes,B2_or_higher,No,Yes_detailed,,Chrome,Linux,892,412,subj,adult,adult_consent,,15.738183333333334,5,Confused
0.93,apple,food,old,green,age,color,21,18-24,Español,Yes,Yes,Yes,B2_or_higher,No,Yes_detailed,,Chrome,Linux,892,412,subj,adult,adult_consent,,15.738183333333334,5,Confused
0.96,chair,furniture,square,yellow,shape,color,22,18-24,Español,Yes,Yes,Yes,B2_or_higher,No,Yes_detailed,,Chrome,Linux,892,412,subj,adult,adult_consent,,15.738183333333334,5,Confused
0.99,apple,food,short,bad,size,quality,23,18-24,Español,Yes,Yes,Yes,B2_or_higher,No,Yes_detailed,,Chrome,Linux,892,412,subj,adult,adult_consent,,15.738183333333334,5,Confused
0.96,cheese,food,small,metal,size,material,24,18-24,Español,Yes,Yes,Yes,B2_or_higher,No,Yes_detailed,,Chrome,Linux,892,412,subj,adult,adult_consent,,15.738183333333334,5,Confused
0.96,desk,furniture,soft,green,texture,color,25,18-24,Español,Yes,Yes,Yes,B2_or_higher,No,Yes_detailed,,Chrome,Linux,892,412,subj,adult,adult_consent,,15.738183333333334,5,Confused
0.06,fan,furniture,green,round,color,shape,26,18-24,Español,Yes,Yes,Yes,B2_or_higher,No,Yes_detailed,,Chrome,Linux,892,412,subj,adult,adult_consent,,15.738183333333334,5,Confused
0.97,couch,furniture,new,yellow,age,color,27,18-24,Español,Yes,Yes,Yes,B2_or_higher,No,Yes_detailed,,Chrome,Linux,892,412,subj,adult,adult_consent,,15.738183333333334,5,Confused
0.99,desk,furniture,huge,good,size,quality,28,18-24,Español,Yes,Yes,Yes,B2_or_higher,No,Yes_detailed,,Chrome,Linux,892,412,subj,adult,adult_consent,,15.738183333333334,5,Confused
0.1,chair,furniture,brown,new,color,age,29,18-24,Español,Yes,Yes,Yes,B2_or_higher,No,Yes_detailed,,Chrome,Linux,892,412,subj,adult,adult_consent,,15.738183333333334,5,Confused
0.06,cheese,food,long,soft,size,texture,30,18-24,Español,Yes,Yes,Yes,B2_or_higher,No,Yes_detailed,,Chrome,Linux,892,412,subj,adult,adult_consent,,15.738183333333334,5,Confused
0.9,TV,furniture,hard,plastic,texture,material,31,18-24,Español,Yes,Yes,Yes,B2_or_higher,No,Yes_detailed,,Chrome,Linux,892,412,subj,adult,adult_consent,,15.738183333333334,5,Confused
0.02,couch,furniture,wooden,hard,material,texture,6,18-24,español,Yes,No,Yes,B1,No,Only_basic,,Chrome,Linux,854,384,subj,adult,adult_consent,,9.888466666666666,6,Yes
0.96,chair,furniture,big,plastic,size,material,7,18-24,español,Yes,No,Yes,B1,No,Only_basic,,Chrome,Linux,854,384,subj,adult,adult_consent,,9.888466666666666,6,Yes
0.95,fan,furniture,good,short,quality,size,8,18-24,español,Yes,No,Yes,B1,No,Only_basic,,Chrome,Linux,854,384,subj,adult,adult_consent,,9.888466666666666,6,Yes
0.03,fan,furniture,brown,good,color,quality,9,18-24,español,Yes,No,Yes,B1,No,Only_basic,,Chrome,Linux,854,384,subj,adult,adult_consent,,9.888466666666666,6,Yes
0.0,desk,furniture,round,bad,shape,quality,10,18-24,español,Yes,No,Yes,B1,No,Only_basic,,Chrome,Linux,854,384,subj,adult,adult_consent,,9.888466666666666,6,Yes
0.91,desk,furniture,hard,green,texture,color,11,18-24,español,Yes,No,Yes,B1,No,Only_basic,,Chrome,Linux,854,384,subj,adult,adult_consent,,9.888466666666666,6,Yes
0.02,fan,furniture,plastic,old,material,age,12,18-24,español,Yes,No,Yes,B1,No,Only_basic,,Chrome,Linux,854,384,subj,adult,adult_consent,,9.888466666666666,6,Yes
0.01,apple,food,wooden,bad,material,quality,13,18-24,español,Yes,No,Yes,B1,No,Only_basic,,Chrome,Linux,854,384,subj,adult,adult_consent,,9.888466666666666,6,Yes
0.01,couch,furniture,huge,bad,size,quality,14,18-24,español,Yes,No,Yes,B1,No,Only_basic,,Chrome,Linux,854,384,subj,adult,adult_consent,,9.888466666666666,6,Yes
0.1,carrot,food,fresh,tiny,age,size,15,18-24,español,Yes,No,Yes,B1,No,Only_basic,,Chrome,Linux,854,384,subj,adult,adult_consent,,9.888466666666666,6,Yes
0.91,TV,furniture,good,big,quality,size,16,18-24,español,Yes,No,Yes,B1,No,Only_basic,,Chrome,Linux,854,384,subj,adult,adult_consent,,9.888466666666666,6,Yes
0.97,cheese,food,red,plastic,color,material,17,18-24,español,Yes,No,Yes,B1,No,Only_basic,,Chrome,Linux,854,384,subj,adult,adult_consent,,9.888466666666666,6,Yes
0.03,chair,furniture,hard,long,texture,size,18,18-24,español,Yes,No,Yes,B1,No,Only_basic,,Chrome,Linux,854,384,subj,adult,adult_consent,,9.888466666666666,6,Yes
0.02,carrot,food,square,metal,shape,material,19,18-24,español,Yes,No,Yes,B1,No,Only_basic,,Chrome,Linux,854,384,subj,adult,adult_consent,,9.888466666666666,6,Yes
0.98,carrot,food,bad,wooden,quality,material,20,18-24,español,Yes,No,Yes,B1,No,Only_basic,,Chrome,Linux,854,384,subj,adult,adult_consent,,9.888466666666666,6,Yes
0.03,TV,furniture,metal,smooth,material,texture,21,18-24,español,Yes,No,Yes,B1,No,Only_basic,,Chrome,Linux,854,384,subj,adult,adult_consent,,9.888466666666666,6,Yes
0.02,tomato,food,yellow,soft,color,texture,22,18-24,español,Yes,No,Yes,B1,No,Only_basic,,Chrome,Linux,854,384,subj,adult,adult_consent,,9.888466666666666,6,Yes
0.0,desk,furniture,red,tiny,color,size,23,18-24,español,Yes,No,Yes,B1,No,Only_basic,,Chrome,Linux,854,384,subj,adult,adult_consent,,9.888466666666666,6,Yes
0.0,fan,furniture,plastic,purple,material,color,24,18-24,español,Yes,No,Yes,B1,No,Only_basic,,Chrome,Linux,854,384,subj,adult,adult_consent,,9.888466666666666,6,Yes
0.98,apple,food,hard,yellow,texture,color,25,18-24,español,Yes,No,Yes,B1,No,Only_basic,,Chrome,Linux,854,384,subj,adult,adult_consent,,9.888466666666666,6,Yes
0.06,carrot,food,smooth,old,texture,age,26,18-24,español,Yes,No,Yes,B1,No,Only_basic,,Chrome,Linux,854,384,subj,adult,adult_consent,,9.888466666666666,6,Yes
0.92,chair,furniture,soft,green,texture,color,27,18-24,español,Yes,No,Yes,B1,No,Only_basic,,Chrome,Linux,854,384,subj,adult,adult_consent,,9.888466666666666,6,Yes
0.97,tomato,food,tiny,soft,size,texture,28,18-24,español,Yes,No,Yes,B1,No,Only_basic,,Chrome,Linux,854,384,subj,adult,adult_consent,,9.888466666666666,6,Yes
0.04,carrot,food,metal,round,material,shape,29,18-24,español,Yes,No,Yes,B1,No,Only_basic,,Chrome,Linux,854,384,subj,adult,adult_consent,,9.888466666666666,6,Yes
0.05,tomato,food,fresh,bad,age,quality,30,18-24,español,Yes,No,Yes,B1,No,Only_basic,,Chrome,Linux,854,384,subj,adult,adult_consent,,9.888466666666666,6,Yes
0.08,TV,furniture,soft,tiny,texture,size,31,18-24,español,Yes,No,Yes,B1,No,Only_basic,,Chrome,Linux,854,384,subj,adult,adult_consent,,9.888466666666666,6,Yes
0.05,carrot,food,round,short,shape,size,6,25-34,Español,Yes,No,Yes,B1,No,Only_basic,,Chrome,Linux,960,432,subj,adult,adult_consent,,13.010416666666666,7,Yes
0.95,tomato,food,good,wooden,quality,material,7,25-34,Español,Yes,No,Yes,B1,No,Only_basic,,Chrome,Linux,960,432,subj,adult,adult_consent,,13.010416666666666,7,Yes
0.07,apple,food,plastic,blue,material,color,8,25-34,Español,Yes,No,Yes,B1,No,Only_basic,,Chrome,Linux,960,432,subj,adult,adult_consent,,13.010416666666666,7,Yes
0.95,TV,furniture,brown,square,color,shape,9,25-34,Español,Yes,No,Yes,B1,No,Only_basic,,Chrome,Linux,960,432,subj,adult,adult_consent,,13.010416666666666,7,Yes
0.03,carrot,food,plastic,smooth,material,texture,10,25-34,Español,Yes,No,Yes,B1,No,Only_basic,,Chrome,Linux,960,432,subj,adult,adult_consent,,13.010416666666666,7,Yes
0.92,tomato,food,hard,blue,texture,color,11,25-34,Español,Yes,No,Yes,B1,No,Only_basic,,Chrome,Linux,960,432,subj,adult,adult_consent,,13.010416666666666,7,Yes
0.07,fan,furniture,metal,rotten,material,age,12,25-34,Español,Yes,No,Yes,B1,No,Only_basic,,Chrome,Linux,960,432,subj,adult,adult_consent,,13.010416666666666,7,Yes
0.94,desk,furniture,big,fresh,size,age,13,25-34,Español,Yes,No,Yes,B1,No,Only_basic,,Chrome,Linux,960,432,subj,adult,adult_consent,,13.010416666666666,7,Yes
0.93,chair,furniture,old,metal,age,material,14,25-34,Español,Yes,No,Yes,B1,No,Only_basic,,Chrome,Linux,960,432,subj,adult,adult_consent,,13.010416666666666,7,Yes
0.99,banana,food,old,red,age,color,15,25-34,Español,Yes,No,Yes,B1,No,Only_basic,,Chrome,Linux,960,432,subj,adult,adult_consent,,13.010416666666666,7,Yes
0.0,chair,furniture,plastic,short,material,size,16,25-34,Español,Yes,No,Yes,B1,No,Only_basic,,Chrome,Linux,960,432,subj,adult,adult_consent,,13.010416666666666,7,Yes
0.08,chair,furniture,blue,new,color,age,17,25-34,Español,Yes,No,Yes,B1,No,Only_basic,,Chrome,Linux,960,432,subj,adult,adult_consent,,13.010416666666666,7,Yes
0.97,cheese,food,good,new,quality,age,18,25-34,Español,Yes,No,Yes,B1,No,Only_basic,,Chrome,Linux,960,432,subj,adult,adult_consent,,13.010416666666666,7,Yes
0.03,couch,furniture,bad,short,quality,size,19,25-34,Español,Yes,No,Yes,B1,No,Only_basic,,Chrome,Linux,960,432,subj,adult,adult_consent,,13.010416666666666,7,Yes
0.0,banana,food,purple,good,color,quality,20,25-34,Español,Yes,No,Yes,B1,No,Only_basic,,Chrome,Linux,960,432,subj,adult,adult_consent,,13.010416666666666,7,Yes
0.04,cheese,food,fresh,bad,age,quality,21,25-34,Español,Yes,No,Yes,B1,No,Only_basic,,Chrome,Linux,960,432,subj,adult,adult_consent,,13.010416666666666,7,Yes
0.0,banana,food,old,tiny,age,size,22,25-34,Español,Yes,No,Yes,B1,No,Only_basic,,Chrome,Linux,960,432,subj,adult,adult_consent,,13.010416666666666,7,Yes
0.06,cheese,food,plastic,huge,material,size,23,25-34,Español,Yes,No,Yes,B1,No,Only_basic,,Chrome,Linux,960,432,subj,adult,adult_consent,,13.010416666666666,7,Yes
0.03,cheese,food,red,big,color,size,24,25-34,Español,Yes,No,Yes,B1,No,Only_basic,,Chrome,Linux,960,432,subj,adult,adult_consent,,13.010416666666666,7,Yes
0.99,carrot,food,bad,red,quality,color,25,25-34,Español,Yes,No,Yes,B1,No,Only_basic,,Chrome,Linux,960,432,subj,adult,adult_consent,,13.010416666666666,7,Yes
0.02,fan,furniture,brown,new,color,age,26,25-34,Español,Yes,No,Yes,B1,No,Only_basic,,Chrome,Linux,960,432,subj,adult,adult_consent,,13.010416666666666,7,Yes
0.98,apple,food,huge,plastic,size,material,27,25-34,Español,Yes,No,Yes,B1,No,Only_basic,,Chrome,Linux,960,432,subj,adult,adult_consent,,13.010416666666666,7,Yes
0.04,desk,furniture,good,hard,quality,texture,28,25-34,Español,Yes,No,Yes,B1,No,Only_basic,,Chrome,Linux,960,432,subj,adult,adult_consent,,13.010416666666666,7,Yes
0.01,cheese,food,red,good,color,quality,29,25-34,Español,Yes,No,Yes,B1,No,Only_basic,,Chrome,Linux,960,432,subj,adult,adult_consent,,13.010416666666666,7,Yes
0.99,TV,furniture,soft,good,texture,quality,30,25-34,Español,Yes,No,Yes,B1,No,Only_basic,,Chrome,Linux,960,432,subj,adult,adult_consent,,13.010416666666666,7,Yes
0.96,TV,furniture,huge,green,size,color,31,25-34,Español,Yes,No,Yes,B1,No,Only_basic,,Chrome,Linux,960,432,subj,adult,adult_consent,,13.010416666666666,7,Yes
0.99,tomato,food,new,red,age,color,6,18-24,Español,Yes,No,No,Not_sure,No,Not_sure,,Chrome,Linux,915,412,trad,adult,adult_consent,,9.439666666666668,8,Yes
0.05,desk,furniture,red,soft,color,texture,7,18-24,Español,Yes,No,No,Not_sure,No,Not_sure,,Chrome,Linux,915,412,trad,adult,adult_consent,,9.439666666666668,8,Yes
0.98,couch,furniture,yellow,round,color,shape,8,18-24,Español,Yes,No,No,Not_sure,No,Not_sure,,Chrome,Linux,915,412,trad,adult,adult_consent,,9.439666666666668,8,Yes
0.96,cheese,food,smooth,small,texture,size,9,18-24,Español,Yes,No,No,Not_sure,No,Not_sure,,Chrome,Linux,915,412,trad,adult,adult_consent,,9.439666666666668,8,Yes
0.97,carrot,food,old,good,age,quality,10,18-24,Español,Yes,No,No,Not_sure,No,Not_sure,,Chrome,Linux,915,412,trad,adult,adult_consent,,9.439666666666668,8,Yes
0.04,banana,food,soft,metal,texture,material,11,18-24,Español,Yes,No,No,Not_sure,No,Not_sure,,Chrome,Linux,915,412,trad,adult,adult_consent,,9.439666666666668,8,Yes
0.98,fan,furniture,red,smooth,color,texture,12,18-24,Español,Yes,No,No,Not_sure,No,Not_sure,,Chrome,Linux,915,412,trad,adult,adult_consent,,9.439666666666668,8,Yes
0.93,TV,furniture,long,green,size,color,13,18-24,Español,Yes,No,No,Not_sure,No,Not_sure,,Chrome,Linux,915,412,trad,adult,adult_consent,,9.439666666666668,8,Yes
0.08,fan,furniture,short,good,size,quality,14,18-24,Español,Yes,No,No,Not_sure,No,Not_sure,,Chrome,Linux,915,412,trad,adult,adult_consent,,9.439666666666668,8,Yes
0.94,chair,furniture,short,soft,size,texture,15,18-24,Español,Yes,No,No,Not_sure,No,Not_sure,,Chrome,Linux,915,412,trad,adult,adult_consent,,9.439666666666668,8,Yes
0.94,carrot,food,purple,square,color,shape,16,18-24,Español,Yes,No,No,Not_sure,No,Not_sure,,Chrome,Linux,915,412,trad,adult,adult_consent,,9.439666666666668,8,Yes
0.06,apple,food,bad,round,quality,shape,17,18-24,Español,Yes,No,No,Not_sure,No,Not_sure,,Chrome,Linux,915,412,trad,adult,adult_consent,,9.439666666666668,8,Yes
0.1,desk,furniture,smooth,fresh,texture,age,18,18-24,Español,Yes,No,No,Not_sure,No,Not_sure,,Chrome,Linux,915,412,trad,adult,adult_consent,,9.439666666666668,8,Yes
0.04,tomato,food,purple,metal,color,material,19,18-24,Español,Yes,No,No,Not_sure,No,Not_sure,,Chrome,Linux,915,412,trad,adult,adult_consent,,9.439666666666668,8,Yes
0.99,couch,furniture,bad,metal,quality,material,20,18-24,Español,Yes,No,No,Not_sure,No,Not_sure,,Chrome,Linux,915,412,trad,adult,adult_consent,,9.439666666666668,8,Yes
0.92,desk,furniture,square,smooth,shape,texture,21,18-24,Español,Yes,No,No,Not_sure,No,Not_sure,,Chrome,Linux,915,412,trad,adult,adult_consent,,9.439666666666668,8,Yes
0.9,chair,furniture,square,new,shape,age,22,18-24,Español,Yes,No,No,Not_sure,No,Not_sure,,Chrome,Linux,915,412,trad,adult,adult_consent,,9.439666666666668,8,Yes
0.08,chair,furniture,smooth,purple,texture,color,23,18-24,Español,Yes,No,No,Not_sure,No,Not_sure,,Chrome,Linux,915,412,trad,adult,adult_consent,,9.439666666666668,8,Yes
0.96,cheese,food,short,red,size,color,24,18-24,Español,Yes,No,No,Not_sure,No,Not_sure,,Chrome,Linux,915,412,trad,adult,adult_consent,,9.439666666666668,8,Yes
0.95,tomato,food,old,brown,age,color,25,18-24,Español,Yes,No,No,Not_sure,No,Not_sure,,Chrome,Linux,915,412,trad,adult,adult_consent,,9.439666666666668,8,Yes
0.99,TV,furniture,small,hard,size,texture,26,18-24,Español,Yes,No,No,Not_sure,No,Not_sure,,Chrome,Linux,915,412,trad,adult,adult_consent,,9.439666666666668,8,Yes
0.04,desk,furniture,huge,bad,size,quality,27,18-24,Español,Yes,No,No,Not_sure,No,Not_sure,,Chrome,Linux,915,412,trad,adult,adult_consent,,9.439666666666668,8,Yes
0.06,apple,food,rotten,huge,age,size,28,18-24,Español,Yes,No,No,Not_sure,No,Not_sure,,Chrome,Linux,915,412,trad,adult,adult_consent,,9.439666666666668,8,Yes
0.12,carrot,food,wooden,long,material,size,29,18-24,Español,Yes,No,No,Not_sure,No,Not_sure,,Chrome,Linux,915,412,trad,adult,adult_consent,,9.439666666666668,8,Yes
0.97,apple,food,round,rotten,shape,age,30,18-24,Español,Yes,No,No,Not_sure,No,Not_sure,,Chrome,Linux,915,412,trad,adult,adult_consent,,9.439666666666668,8,Yes
0.96,tomato,food,square,metal,shape,material,31,18-24,Español,Yes,No,No,Not_sure,No,Not_sure,,Chrome,Linux,915,412,trad,adult,adult_consent,,9.439666666666668,8,Yes
0.74,chair,furniture,good,big,quality,size,6,18-24,Español,Yes,No,Yes,Not_sure,No,Only_basic,,Chrome,Linux,915,412,subj,adult,adult_consent,,7.1078,9,Yes
0.32,fan,furniture,short,new,size,age,7,18-24,Español,Yes,No,Yes,Not_sure,No,Only_basic,,Chrome,Linux,915,412,subj,adult,adult_consent,,7.1078,9,Yes
0.64,couch,furniture,green,short,color,size,8,18-24,Español,Yes,No,Yes,Not_sure,No,Only_basic,,Chrome,Linux,915,412,subj,adult,adult_consent,,7.1078,9,Yes
0.55,tomato,food,short,purple,size,color,9,18-24,Español,Yes,No,Yes,Not_sure,No,Only_basic,,Chrome,Linux,915,412,subj,adult,adult_consent,,7.1078,9,Yes
0.38,carrot,food,small,blue,size,color,10,18-24,Español,Yes,No,Yes,Not_sure,No,Only_basic,,Chrome,Linux,915,412,subj,adult,adult_consent,,7.1078,9,Yes
0.49,cheese,food,yellow,bad,color,quality,11,18-24,Español,Yes,No,Yes,Not_sure,No,Only_basic,,Chrome,Linux,915,412,subj,adult,adult_consent,,7.1078,9,Yes
0.66,desk,furniture,plastic,short,material,size,12,18-24,Español,Yes,No,Yes,Not_sure,No,Only_basic,,Chrome,Linux,915,412,subj,adult,adult_consent,,7.1078,9,Yes
0.36,desk,furniture,bad,purple,quality,color,13,18-24,Español,Yes,No,Yes,Not_sure,No,Only_basic,,Chrome,Linux,915,412,subj,adult,adult_consent,,7.1078,9,Yes
0.45,apple,food,old,purple,age,color,14,18-24,Español,Yes,No,Yes,Not_sure,No,Only_basic,,Chrome,Linux,915,412,subj,adult,adult_consent,,7.1078,9,Yes
0.53,TV,furniture,hard,fresh,texture,age,15,18-24,Español,Yes,No,Yes,Not_sure,No,Only_basic,,Chrome,Linux,915,412,subj,adult,adult_consent,,7.1078,9,Yes
0.38,fan,furniture,brown,short,color,size,16,18-24,Español,Yes,No,Yes,Not_sure,No,Only_basic,,Chrome,Linux,915,412,subj,adult,adult_consent,,7.1078,9,Yes
0.55,apple,food,smooth,wooden,texture,material,17,18-24,Español,Yes,No,Yes,Not_sure,No,Only_basic,,Chrome,Linux,915,412,subj,adult,adult_consent,,7.1078,9,Yes
0.34,carrot,food,short,metal,size,material,18,18-24,Español,Yes,No,Yes,Not_sure,No,Only_basic,,Chrome,Linux,915,412,subj,adult,adult_consent,,7.1078,9,Yes
0.45,couch,furniture,metal,small,material,size,19,18-24,Español,Yes,No,Yes,Not_sure,No,Only_basic,,Chrome,Linux,915,412,subj,adult,adult_consent,,7.1078,9,Yes
0.61,tomato,food,red,long,color,size,20,18-24,Español,Yes,No,Yes,Not_sure,No,Only_basic,,Chrome,Linux,915,412,subj,adult,adult_consent,,7.1078,9,Yes
0.37,tomato,food,square,smooth,shape,texture,21,18-24,Español,Yes,No,Yes,Not_sure,No,Only_basic,,Chrome,Linux,915,412,subj,adult,adult_consent,,7.1078,9,Yes
0.64,apple,food,short,metal,size,material,22,18-24,Español,Yes,No,Yes,Not_sure,No,Only_basic,,Chrome,Linux,915,412,subj,adult,adult_consent,,7.1078,9,Yes
0.44,cheese,food,soft,brown,texture,color,23,18-24,Español,Yes,No,Yes,Not_sure,No,Only_basic,,Chrome,Linux,915,412,subj,adult,adult_consent,,7.1078,9,Yes
0.25,banana,food,square,brown,shape,color,24,18-24,Español,Yes,No,Yes,Not_sure,No,Only_basic,,Chrome,Linux,915,412,subj,adult,adult_consent,,7.1078,9,Yes
0.25,tomato,food,yellow,good,color,quality,25,18-24,Español,Yes,No,Yes,Not_sure,No,Only_basic,,Chrome,Linux,915,412,subj,adult,adult_consent,,7.1078,9,Yes
0.74,carrot,food,huge,square,size,shape,26,18-24,Español,Yes,No,Yes,Not_sure,No,Only_basic,,Chrome,Linux,915,412,subj,adult,adult_consent,,7.1078,9,Yes
0.77,fan,furniture,small,red,size,color,27,18-24,Español,Yes,No,Yes,Not_sure,No,Only_basic,,Chrome,Linux,915,412,subj,adult,adult_consent,,7.1078,9,Yes
0.34,carrot,food,purple,round,color,shape,28,18-24,Español,Yes,No,Yes,Not_sure,No,Only_basic,,Chrome,Linux,915,412,subj,adult,adult_consent,,7.1078,9,Yes
0.73,fan,furniture,plastic,round,material,shape,29,18-24,Español,Yes,No,Yes,Not_sure,No,Only_basic,,Chrome,Linux,915,412,subj,adult,adult_consent,,7.1078,9,Yes
0.68,apple,food,tiny,brown,size,color,30,18-24,Español,Yes,No,Yes,Not_sure,No,Only_basic,,Chrome,Linux,915,412,subj,adult,adult_consent,,7.1078,9,Yes
0.34,banana,food,blue,small,color,size,31,18-24,Español,Yes,No,Yes,Not_sure,No,Only_basic,,Chrome,Linux,915,412,subj,adult,adult_consent,,7.1078,9,Yes
0.9,chair,furniture,good,tiny,quality,size,6,25-34,Español,Yes,No,No,Not_sure,No,Only_basic,,Chrome,Linux,915,412,subj,adult,adult_consent,,11.849683333333333,10,Yes
0.02,fan,furniture,fresh,bad,age,quality,7,25-34,Español,Yes,No,No,Not_sure,No,Only_basic,,Chrome,Linux,915,412,subj,adult,adult_consent,,11.849683333333333,10,Yes
0.97,tomato,food,fresh,purple,age,color,8,25-34,Español,Yes,No,No,Not_sure,No,Only_basic,,Chrome,Linux,915,412,subj,adult,adult_consent,,11.849683333333333,10,Yes
0.96,cheese,food,new,bad,age,quality,9,25-34,Español,Yes,No,No,Not_sure,No,Only_basic,,Chrome,Linux,915,412,subj,adult,adult_consent,,11.849683333333333,10,Yes
0.96,fan,furniture,tiny,yellow,size,color,10,25-34,Español,Yes,No,No,Not_sure,No,Only_basic,,Chrome,Linux,915,412,subj,adult,adult_consent,,11.849683333333333,10,Yes
0.96,banana,food,short,round,size,shape,11,25-34,Español,Yes,No,No,Not_sure,No,Only_basic,,Chrome,Linux,915,412,subj,adult,adult_consent,,11.849683333333333,10,Yes
0.99,fan,furniture,soft,big,texture,size,12,25-34,Español,Yes,No,No,Not_sure,No,Only_basic,,Chrome,Linux,915,412,subj,adult,adult_consent,,11.849683333333333,10,Yes
0.01,desk,furniture,square,wooden,shape,material,13,25-34,Español,Yes,No,No,Not_sure,No,Only_basic,,Chrome,Linux,915,412,subj,adult,adult_consent,,11.849683333333333,10,Yes
0.96,carrot,food,soft,square,texture,shape,14,25-34,Español,Yes,No,No,Not_sure,No,Only_basic,,Chrome,Linux,915,412,subj,adult,adult_consent,,11.849683333333333,10,Yes
0.01,couch,furniture,hard,rotten,texture,age,15,25-34,Español,Yes,No,No,Not_sure,No,Only_basic,,Chrome,Linux,915,412,subj,adult,adult_consent,,11.849683333333333,10,Yes
0.95,TV,furniture,metal,bad,material,quality,16,25-34,Español,Yes,No,No,Not_sure,No,Only_basic,,Chrome,Linux,915,412,subj,adult,adult_consent,,11.849683333333333,10,Yes
0.01,TV,furniture,purple,metal,color,material,17,25-34,Español,Yes,No,No,Not_sure,No,Only_basic,,Chrome,Linux,915,412,subj,adult,adult_consent,,11.849683333333333,10,Yes
0.02,tomato,food,bad,wooden,quality,material,18,25-34,Español,Yes,No,No,Not_sure,No,Only_basic,,Chrome,Linux,915,412,subj,adult,adult_consent,,11.849683333333333,10,Yes
0.96,carrot,food,square,green,shape,color,19,25-34,Español,Yes,No,No,Not_sure,No,Only_basic,,Chrome,Linux,915,412,subj,adult,adult_consent,,11.849683333333333,10,Yes
0.96,TV,furniture,smooth,red,texture,color,20,25-34,Español,Yes,No,No,Not_sure,No,Only_basic,,Chrome,Linux,915,412,subj,adult,adult_consent,,11.849683333333333,10,Yes
0.05,desk,furniture,purple,plastic,color,material,21,25-34,Español,Yes,No,No,Not_sure,No,Only_basic,,Chrome,Linux,915,412,subj,adult,adult_consent,,11.849683333333333,10,Yes
0.04,fan,furniture,green,hard,color,texture,22,25-34,Español,Yes,No,No,Not_sure,No,Only_basic,,Chrome,Linux,915,412,subj,adult,adult_consent,,11.849683333333333,10,Yes
0.03,banana,food,purple,big,color,size,23,25-34,Español,Yes,No,No,Not_sure,No,Only_basic,,Chrome,Linux,915,412,subj,adult,adult_consent,,11.849683333333333,10,Yes
0.99,desk,furniture,short,old,size,age,24,25-34,Español,Yes,No,No,Not_sure,No,Only_basic,,Chrome,Linux,915,412,subj,adult,adult_consent,,11.849683333333333,10,Yes
0.02,banana,food,hard,rotten,texture,age,25,25-34,Español,Yes,No,No,Not_sure,No,Only_basic,,Chrome,Linux,915,412,subj,adult,adult_consent,,11.849683333333333,10,Yes
0.93,tomato,food,metal,hard,material,texture,26,25-34,Español,Yes,No,No,Not_sure,No,Only_basic,,Chrome,Linux,915,412,subj,adult,adult_consent,,11.849683333333333,10,Yes
0.03,desk,furniture,rotten,soft,age,texture,27,25-34,Español,Yes,No,No,Not_sure,No,Only_basic,,Chrome,Linux,915,412,subj,adult,adult_consent,,11.849683333333333,10,Yes
0.02,TV,furniture,blue,fresh,color,age,28,25-34,Español,Yes,No,No,Not_sure,No,Only_basic,,Chrome,Linux,915,412,subj,adult,adult_consent,,11.849683333333333,10,Yes
0.96,chair,furniture,big,fresh,size,age,29,25-34,Español,Yes,No,No,Not_sure,No,Only_basic,,Chrome,Linux,915,412,subj,adult,adult_consent,,11.849683333333333,10,Yes
0.96,tomato,food,old,plastic,age,material,30,25-34,Español,Yes,No,No,Not_sure,No,Only_basic,,Chrome,Linux,915,412,subj,adult,adult_consent,,11.849683333333333,10,Yes
0.99,cheese,food,plastic,big,material,size,31,25-34,Español,Yes,No,No,Not_sure,No,Only_basic,,Chrome,Linux,915,412,subj,adult,adult_consent,,11.849683333333333,10,Yes
0.97,couch,furniture,tiny,hard,size,texture,6,25-34,Español,Yes,Yes,Yes,B1,No,No,,Chrome,Linux,904,407,subj,adult,adult_consent,,13.812883333333334,11,Yes
0.07,banana,food,square,rotten,shape,age,7,25-34,Español,Yes,Yes,Yes,B1,No,No,,Chrome,Linux,904,407,subj,adult,adult_consent,,13.812883333333334,11,Yes
0.04,fan,furniture,plastic,big,material,size,8,25-34,Español,Yes,Yes,Yes,B1,No,No,,Chrome,Linux,904,407,subj,adult,adult_consent,,13.812883333333334,11,Yes
0.87,banana,food,new,tiny,age,size,9,25-34,Español,Yes,Yes,Yes,B1,No,No,,Chrome,Linux,904,407,subj,adult,adult_consent,,13.812883333333334,11,Yes
0.95,couch,furniture,round,plastic,shape,material,10,25-34,Español,Yes,Yes,Yes,B1,No,No,,Chrome,Linux,904,407,subj,adult,adult_consent,,13.812883333333334,11,Yes
0.81,fan,furniture,good,yellow,quality,color,11,25-34,Español,Yes,Yes,Yes,B1,No,No,,Chrome,Linux,904,407,subj,adult,adult_consent,,13.812883333333334,11,Yes
0.86,banana,food,fresh,green,age,color,12,25-34,Español,Yes,Yes,Yes,B1,No,No,,Chrome,Linux,904,407,subj,adult,adult_consent,,13.812883333333334,11,Yes
0.02,fan,furniture,old,bad,age,quality,13,25-34,Español,Yes,Yes,Yes,B1,No,No,,Chrome,Linux,904,407,subj,adult,adult_consent,,13.812883333333334,11,Yes
0.96,TV,furniture,short,square,size,shape,14,25-34,Español,Yes,Yes,Yes,B1,No,No,,Chrome,Linux,904,407,subj,adult,adult_consent,,13.812883333333334,11,Yes
0.96,banana,food,hard,green,texture,color,15,25-34,Español,Yes,Yes,Yes,B1,No,No,,Chrome,Linux,904,407,subj,adult,adult_consent,,13.812883333333334,11,Yes
0.99,TV,furniture,good,square,quality,shape,16,25-34,Español,Yes,Yes,Yes,B1,No,No,,Chrome,Linux,904,407,subj,adult,adult_consent,,13.812883333333334,11,Yes
0.97,apple,food,small,square,size,shape,17,25-34,Español,Yes,Yes,Yes,B1,No,No,,Chrome,Linux,904,407,subj,adult,adult_consent,,13.812883333333334,11,Yes
0.1,carrot,food,tiny,old,size,age,18,25-34,Español,Yes,Yes,Yes,B1,No,No,,Chrome,Linux,904,407,subj,adult,adult_consent,,13.812883333333334,11,Yes
0.12,carrot,food,soft,bad,texture,quality,19,25-34,Español,Yes,Yes,Yes,B1,No,No,,Chrome,Linux,904,407,subj,adult,adult_consent,,13.812883333333334,11,Yes
0.97,chair,furniture,metal,brown,material,color,20,25-34,Español,Yes,Yes,Yes,B1,No,No,,Chrome,Linux,904,407,subj,adult,adult_consent,,13.812883333333334,11,Yes
0.96,banana,food,wooden,green,material,color,21,25-34,Español,Yes,Yes,Yes,B1,No,No,,Chrome,Linux,904,407,subj,adult,adult_consent,,13.812883333333334,11,Yes
0.06,cheese,food,hard,old,texture,age,22,25-34,Español,Yes,Yes,Yes,B1,No,No,,Chrome,Linux,904,407,subj,adult,adult_consent,,13.812883333333334,11,Yes
0.97,tomato,food,long,blue,size,color,23,25-34,Español,Yes,Yes,Yes,B1,No,No,,Chrome,Linux,904,407,subj,adult,adult_consent,,13.812883333333334,11,Yes
0.08,apple,food,round,old,shape,age,24,25-34,Español,Yes,Yes,Yes,B1,No,No,,Chrome,Linux,904,407,subj,adult,adult_consent,,13.812883333333334,11,Yes
0.96,banana,food,good,square,quality,shape,25,25-34,Español,Yes,Yes,Yes,B1,No,No,,Chrome,Linux,904,407,subj,adult,adult_consent,,13.812883333333334,11,Yes
0.01,apple,food,hard,small,texture,size,26,25-34,Español,Yes,Yes,Yes,B1,No,No,,Chrome,Linux,904,407,subj,adult,adult_consent,,13.812883333333334,11,Yes
0.91,tomato,food,big,blue,size,color,27,25-34,Español,Yes,Yes,Yes,B1,No,No,,Chrome,Linux,904,407,subj,adult,adult_consent,,13.812883333333334,11,Yes
0.87,fan,furniture,small,wooden,size,material,28,25-34,Español,Yes,Yes,Yes,B1,No,No,,Chrome,Linux,904,407,subj,adult,adult_consent,,13.812883333333334,11,Yes
0.95,tomato,food,huge,round,size,shape,29,25-34,Español,Yes,Yes,Yes,B1,No,No,,Chrome,Linux,904,407,subj,adult,adult_consent,,13.812883333333334,11,Yes
0.03,carrot,food,red,huge,color,size,30,25-34,Español,Yes,Yes,Yes,B1,No,No,,Chrome,Linux,904,407,subj,adult,adult_consent,,13.812883333333334,11,Yes
0.06,chair,furniture,purple,plastic,color,material,31,25-34,Español,Yes,Yes,Yes,B1,No,No,,Chrome,Linux,904,407,subj,adult,adult_consent,,13.812883333333334,11,Yes
0.0,banana,food,rotten,huge,age,size,6,18-24,Español,Yes,Yes,Yes,B1+,No,Only_basic,,Chrome,Windows,960,1536,subj,adult,adult_consent,,21.7324,12,Yes
0.0,couch,furniture,plastic,soft,material,texture,7,18-24,Español,Yes,Yes,Yes,B1+,No,Only_basic,,Chrome,Windows,960,1536,subj,adult,adult_consent,,21.7324,12,Yes
0.0,tomato,food,brown,big,color,size,8,18-24,Español,Yes,Yes,Yes,B1+,No,Only_basic,,Chrome,Windows,960,1536,subj,adult,adult_consent,,21.7324,12,Yes
1.0,apple,food,short,yellow,size,color,9,18-24,Español,Yes,Yes,Yes,B1+,No,Only_basic,,Chrome,Windows,960,1536,subj,adult,adult_consent,,21.7324,12,Yes
0.0,TV,furniture,yellow,fresh,color,age,10,18-24,Español,Yes,Yes,Yes,B1+,No,Only_basic,,Chrome,Windows,960,1536,subj,adult,adult_consent,,21.7324,12,Yes
1.0,banana,food,fresh,plastic,age,material,11,18-24,Español,Yes,Yes,Yes,B1+,No,Only_basic,,Chrome,Windows,960,1536,subj,adult,adult_consent,,21.7324,12,Yes
0.0,TV,furniture,new,small,age,size,12,18-24,Español,Yes,Yes,Yes,B1+,No,Only_basic,,Chrome,Windows,960,1536,subj,adult,adult_consent,,21.7324,12,Yes
1.0,tomato,food,blue,plastic,color,material,13,18-24,Español,Yes,Yes,Yes,B1+,No,Only_basic,,Chrome,Windows,960,1536,subj,adult,adult_consent,,21.7324,12,Yes
1.0,carrot,food,soft,metal,texture,material,14,18-24,Español,Yes,Yes,Yes,B1+,No,Only_basic,,Chrome,Windows,960,1536,subj,adult,adult_consent,,21.7324,12,Yes
1.0,tomato,food,good,long,quality,size,15,18-24,Español,Yes,Yes,Yes,B1+,No,Only_basic,,Chrome,Windows,960,1536,subj,adult,adult_consent,,21.7324,12,Yes
0.02,tomato,food,metal,blue,material,color,16,18-24,Español,Yes,Yes,Yes,B1+,No,Only_basic,,Chrome,Windows,960,1536,subj,adult,adult_consent,,21.7324,12,Yes
0.0,desk,furniture,wooden,big,material,size,17,18-24,Español,Yes,Yes,Yes,B1+,No,Only_basic,,Chrome,Windows,960,1536,subj,adult,adult_consent,,21.7324,12,Yes
0.01,chair,furniture,square,tiny,shape,size,18,18-24,Español,Yes,Yes,Yes,B1+,No,Only_basic,,Chrome,Windows,960,1536,subj,adult,adult_consent,,21.7324,12,Yes
0.0,banana,food,blue,small,color,size,19,18-24,Español,Yes,Yes,Yes,B1+,No,Only_basic,,Chrome,Windows,960,1536,subj,adult,adult_consent,,21.7324,12,Yes
0.0,carrot,food,rotten,soft,age,texture,20,18-24,Español,Yes,Yes,Yes,B1+,No,Only_basic,,Chrome,Windows,960,1536,subj,adult,adult_consent,,21.7324,12,Yes
1.0,banana,food,hard,metal,texture,material,21,18-24,Español,Yes,Yes,Yes,B1+,No,Only_basic,,Chrome,Windows,960,1536,subj,adult,adult_consent,,21.7324,12,Yes
0.0,tomato,food,red,bad,color,quality,22,18-24,Español,Yes,Yes,Yes,B1+,No,Only_basic,,Chrome,Windows,960,1536,subj,adult,adult_consent,,21.7324,12,Yes
1.0,TV,furniture,blue,metal,color,material,23,18-24,Español,Yes,Yes,Yes,B1+,No,Only_basic,,Chrome,Windows,960,1536,subj,adult,adult_consent,,21.7324,12,Yes
1.0,cheese,food,smooth,brown,texture,color,24,18-24,Español,Yes,Yes,Yes,B1+,No,Only_basic,,Chrome,Windows,960,1536,subj,adult,adult_consent,,21.7324,12,Yes
0.0,tomato,food,new,long,age,size,25,18-24,Español,Yes,Yes,Yes,B1+,No,Only_basic,,Chrome,Windows,960,1536,subj,adult,adult_consent,,21.7324,12,Yes
1.0,fan,furniture,huge,brown,size,color,26,18-24,Español,Yes,Yes,Yes,B1+,No,Only_basic,,Chrome,Windows,960,1536,subj,adult,adult_consent,,21.7324,12,Yes
0.0,TV,furniture,round,tiny,shape,size,27,18-24,Español,Yes,Yes,Yes,B1+,No,Only_basic,,Chrome,Windows,960,1536,subj,adult,adult_consent,,21.7324,12,Yes
0.0,fan,furniture,green,tiny,color,size,28,18-24,Español,Yes,Yes,Yes,B1+,No,Only_basic,,Chrome,Windows,960,1536,subj,adult,adult_consent,,21.7324,12,Yes
0.99,carrot,food,fresh,yellow,age,color,29,18-24,Español,Yes,Yes,Yes,B1+,No,Only_basic,,Chrome,Windows,960,1536,subj,adult,adult_consent,,21.7324,12,Yes
0.0,fan,furniture,red,short,color,size,30,18-24,Español,Yes,Yes,Yes,B1+,No,Only_basic,,Chrome,Windows,960,1536,subj,adult,adult_consent,,21.7324,12,Yes
0.0,tomato,food,red,square,color,shape,31,18-24,Español,Yes,Yes,Yes,B1+,No,Only_basic,,Chrome,Windows,960,1536,subj,adult,adult_consent,,21.7324,12,Yes
0.12,cheese,food,rotten,wooden,age,material,6,18-24,español,Yes,Yes,No,A1,No,Only_basic,,Safari,iPhone/iPod,852,393,subj,adult,adult_consent,,14.308033333333332,13,Yes
0.85,chair,furniture,purple,short,color,size,7,18-24,español,Yes,Yes,No,A1,No,Only_basic,,Safari,iPhone/iPod,852,393,subj,adult,adult_consent,,14.308033333333332,13,Yes
0.86,carrot,food,purple,smooth,color,texture,8,18-24,español,Yes,Yes,No,A1,No,Only_basic,,Safari,iPhone/iPod,852,393,subj,adult,adult_consent,,14.308033333333332,13,Yes
0.86,tomato,food,smooth,green,texture,color,9,18-24,español,Yes,Yes,No,A1,No,Only_basic,,Safari,iPhone/iPod,852,393,subj,adult,adult_consent,,14.308033333333332,13,Yes
0.89,TV,furniture,purple,fresh,color,age,10,18-24,español,Yes,Yes,No,A1,No,Only_basic,,Safari,iPhone/iPod,852,393,subj,adult,adult_consent,,14.308033333333332,13,Yes
0.88,banana,food,short,new,size,age,11,18-24,español,Yes,Yes,No,A1,No,Only_basic,,Safari,iPhone/iPod,852,393,subj,adult,adult_consent,,14.308033333333332,13,Yes
0.77,fan,furniture,bad,green,quality,color,12,18-24,español,Yes,Yes,No,A1,No,Only_basic,,Safari,iPhone/iPod,852,393,subj,adult,adult_consent,,14.308033333333332,13,Yes
0.77,apple,food,bad,smooth,quality,texture,13,18-24,español,Yes,Yes,No,A1,No,Only_basic,,Safari,iPhone/iPod,852,393,subj,adult,adult_consent,,14.308033333333332,13,Yes
0.02,cheese,food,bad,rotten,quality,age,14,18-24,español,Yes,Yes,No,A1,No,Only_basic,,Safari,iPhone/iPod,852,393,subj,adult,adult_consent,,14.308033333333332,13,Yes
0.77,couch,furniture,good,metal,quality,material,15,18-24,español,Yes,Yes,No,A1,No,Only_basic,,Safari,iPhone/iPod,852,393,subj,adult,adult_consent,,14.308033333333332,13,Yes
0.17,desk,furniture,new,metal,age,material,16,18-24,español,Yes,Yes,No,A1,No,Only_basic,,Safari,iPhone/iPod,852,393,subj,adult,adult_consent,,14.308033333333332,13,Yes
0.16,banana,food,green,bad,color,quality,17,18-24,español,Yes,Yes,No,A1,No,Only_basic,,Safari,iPhone/iPod,852,393,subj,adult,adult_consent,,14.308033333333332,13,Yes
0.16,chair,furniture,green,big,color,size,18,18-24,español,Yes,Yes,No,A1,No,Only_basic,,Safari,iPhone/iPod,852,393,subj,adult,adult_consent,,14.308033333333332,13,Yes
0.12,tomato,food,small,soft,size,texture,19,18-24,español,Yes,Yes,No,A1,No,Only_basic,,Safari,iPhone/iPod,852,393,subj,adult,adult_consent,,14.308033333333332,13,Yes
0.16,cheese,food,yellow,soft,color,texture,20,18-24,español,Yes,Yes,No,A1,No,Only_basic,,Safari,iPhone/iPod,852,393,subj,adult,adult_consent,,14.308033333333332,13,Yes
0.23,banana,food,round,old,shape,age,21,18-24,español,Yes,Yes,No,A1,No,Only_basic,,Safari,iPhone/iPod,852,393,subj,adult,adult_consent,,14.308033333333332,13,Yes
0.05,tomato,food,soft,round,texture,shape,22,18-24,español,Yes,Yes,No,A1,No,Only_basic,,Safari,iPhone/iPod,852,393,subj,adult,adult_consent,,14.308033333333332,13,Yes
0.92,fan,furniture,soft,yellow,texture,color,23,18-24,español,Yes,Yes,No,A1,No,Only_basic,,Safari,iPhone/iPod,852,393,subj,adult,adult_consent,,14.308033333333332,13,Yes
0.16,carrot,food,small,hard,size,texture,24,18-24,español,Yes,Yes,No,A1,No,Only_basic,,Safari,iPhone/iPod,852,393,subj,adult,adult_consent,,14.308033333333332,13,Yes
0.05,chair,furniture,green,small,color,size,25,18-24,español,Yes,Yes,No,A1,No,Only_basic,,Safari,iPhone/iPod,852,393,subj,adult,adult_consent,,14.308033333333332,13,Yes
0.07,carrot,food,hard,wooden,texture,material,26,18-24,español,Yes,Yes,No,A1,No,Only_basic,,Safari,iPhone/iPod,852,393,subj,adult,adult_consent,,14.308033333333332,13,Yes
0.03,cheese,food,square,rotten,shape,age,27,18-24,español,Yes,Yes,No,A1,No,Only_basic,,Safari,iPhone/iPod,852,393,subj,adult,adult_consent,,14.308033333333332,13,Yes
0.01,carrot,food,old,plastic,age,material,28,18-24,español,Yes,Yes,No,A1,No,Only_basic,,Safari,iPhone/iPod,852,393,subj,adult,adult_consent,,14.308033333333332,13,Yes
0.85,TV,furniture,soft,bad,texture,quality,29,18-24,español,Yes,Yes,No,A1,No,Only_basic,,Safari,iPhone/iPod,852,393,subj,adult,adult_consent,,14.308033333333332,13,Yes
0.02,carrot,food,metal,tiny,material,size,30,18-24,español,Yes,Yes,No,A1,No,Only_basic,,Safari,iPhone/iPod,852,393,subj,adult,adult_consent,,14.308033333333332,13,Yes
0.02,TV,furniture,short,plastic,size,material,31,18-24,español,Yes,Yes,No,A1,No,Only_basic,,Safari,iPhone/iPod,852,393,subj,adult,adult_consent,,14.308033333333332,13,Yes
0.0,banana,food,plastic,short,material,size,6,18-24,Español,Yes,Yes,No,B1+,No,No,,Safari,iPhone/iPod,874,402,trad,adult,adult_consent,,14.69425,14,Confused
0.93,apple,food,square,purple,shape,color,7,18-24,Español,Yes,Yes,No,B1+,No,No,,Safari,iPhone/iPod,874,402,trad,adult,adult_consent,,14.69425,14,Confused
0.0,banana,food,brown,soft,color,texture,8,18-24,Español,Yes,Yes,No,B1+,No,No,,Safari,iPhone/iPod,874,402,trad,adult,adult_consent,,14.69425,14,Confused
0.9,chair,furniture,hard,green,texture,color,9,18-24,Español,Yes,Yes,No,B1+,No,No,,Safari,iPhone/iPod,874,402,trad,adult,adult_consent,,14.69425,14,Confused
0.09,desk,furniture,plastic,fresh,material,age,10,18-24,Español,Yes,Yes,No,B1+,No,No,,Safari,iPhone/iPod,874,402,trad,adult,adult_consent,,14.69425,14,Confused
0.98,apple,food,short,green,size,color,11,18-24,Español,Yes,Yes,No,B1+,No,No,,Safari,iPhone/iPod,874,402,trad,adult,adult_consent,,14.69425,14,Confused
0.95,carrot,food,old,yellow,age,color,12,18-24,Español,Yes,Yes,No,B1+,No,No,,Safari,iPhone/iPod,874,402,trad,adult,adult_consent,,14.69425,14,Confused
0.1,desk,furniture,short,bad,size,quality,13,18-24,Español,Yes,Yes,No,B1+,No,No,,Safari,iPhone/iPod,874,402,trad,adult,adult_consent,,14.69425,14,Confused
0.09,desk,furniture,new,good,age,quality,14,18-24,Español,Yes,Yes,No,B1+,No,No,,Safari,iPhone/iPod,874,402,trad,adult,adult_consent,,14.69425,14,Confused
0.0,cheese,food,wooden,smooth,material,texture,15,18-24,Español,Yes,Yes,No,B1+,No,No,,Safari,iPhone/iPod,874,402,trad,adult,adult_consent,,14.69425,14,Confused
0.91,fan,furniture,small,green,size,color,16,18-24,Español,Yes,Yes,No,B1+,No,No,,Safari,iPhone/iPod,874,402,trad,adult,adult_consent,,14.69425,14,Confused
0.04,tomato,food,plastic,bad,material,quality,17,18-24,Español,Yes,Yes,No,B1+,No,No,,Safari,iPhone/iPod,874,402,trad,adult,adult_consent,,14.69425,14,Confused
0.06,desk,furniture,purple,huge,color,size,18,18-24,Español,Yes,Yes,No,B1+,No,No,,Safari,iPhone/iPod,874,402,trad,adult,adult_consent,,14.69425,14,Confused
0.03,apple,food,smooth,good,texture,quality,19,18-24,Español,Yes,Yes,No,B1+,No,No,,Safari,iPhone/iPod,874,402,trad,adult,adult_consent,,14.69425,14,Confused
0.96,cheese,food,square,metal,shape,material,20,18-24,Español,Yes,Yes,No,B1+,No,No,,Safari,iPhone/iPod,874,402,trad,adult,adult_consent,,14.69425,14,Confused
0.01,apple,food,long,good,size,quality,21,18-24,Español,Yes,Yes,No,B1+,No,No,,Safari,iPhone/iPod,874,402,trad,adult,adult_consent,,14.69425,14,Confused
0.95,fan,furniture,round,plastic,shape,material,22,18-24,Español,Yes,Yes,No,B1+,No,No,,Safari,iPhone/iPod,874,402,trad,adult,adult_consent,,14.69425,14,Confused
0.11,fan,furniture,old,round,age,shape,23,18-24,Español,Yes,Yes,No,B1+,No,No,,Safari,iPhone/iPod,874,402,trad,adult,adult_consent,,14.69425,14,Confused
0.02,couch,furniture,old,round,age,shape,24,18-24,Español,Yes,Yes,No,B1+,No,No,,Safari,iPhone/iPod,874,402,trad,adult,adult_consent,,14.69425,14,Confused
0.95,banana,food,tiny,yellow,size,color,25,18-24,Español,Yes,Yes,No,B1+,No,No,,Safari,iPhone/iPod,874,402,trad,adult,adult_consent,,14.69425,14,Confused
0.04,tomato,food,short,hard,size,texture,26,18-24,Español,Yes,Yes,No,B1+,No,No,,Safari,iPhone/iPod,874,402,trad,adult,adult_consent,,14.69425,14,Confused
0.94,TV,furniture,new,purple,age,color,27,18-24,Español,Yes,Yes,No,B1+,No,No,,Safari,iPhone/iPod,874,402,trad,adult,adult_consent,,14.69425,14,Confused
0.04,chair,furniture,blue,square,color,shape,28,18-24,Español,Yes,Yes,No,B1+,No,No,,Safari,iPhone/iPod,874,402,trad,adult,adult_consent,,14.69425,14,Confused
0.91,fan,furniture,green,metal,color,material,29,18-24,Español,Yes,Yes,No,B1+,No,No,,Safari,iPhone/iPod,874,402,trad,adult,adult_consent,,14.69425,14,Confused
0.09,fan,furniture,metal,soft,material,texture,30,18-24,Español,Yes,Yes,No,B1+,No,No,,Safari,iPhone/iPod,874,402,trad,adult,adult_consent,,14.69425,14,Confused
0.94,apple,food,huge,metal,size,material,31,18-24,Español,Yes,Yes,No,B1+,No,No,,Safari,iPhone/iPod,874,402,trad,adult,adult_consent,,14.69425,14,Confused
0.99,couch,furniture,rotten,square,age,shape,6,35_or_older,Español,Yes,Yes,No,B1,No,Only_basic,,Chrome,Linux,820,360,subj,adult,adult_consent,,32.42646666666667,15,Yes
0.99,couch,furniture,bad,red,quality,color,7,35_or_older,Español,Yes,Yes,No,B1,No,Only_basic,,Chrome,Linux,820,360,subj,adult,adult_consent,,32.42646666666667,15,Yes
0.98,apple,food,short,purple,size,color,8,35_or_older,Español,Yes,Yes,No,B1,No,Only_basic,,Chrome,Linux,820,360,subj,adult,adult_consent,,32.42646666666667,15,Yes
0.99,tomato,food,small,yellow,size,color,9,35_or_older,Español,Yes,Yes,No,B1,No,Only_basic,,Chrome,Linux,820,360,subj,adult,adult_consent,,32.42646666666667,15,Yes
0.96,fan,furniture,smooth,green,texture,color,10,35_or_older,Español,Yes,Yes,No,B1,No,Only_basic,,Chrome,Linux,820,360,subj,adult,adult_consent,,32.42646666666667,15,Yes
0.01,TV,furniture,tiny,good,size,quality,11,35_or_older,Español,Yes,Yes,No,B1,No,Only_basic,,Chrome,Linux,820,360,subj,adult,adult_consent,,32.42646666666667,15,Yes
0.94,tomato,food,round,brown,shape,color,12,35_or_older,Español,Yes,Yes,No,B1,No,Only_basic,,Chrome,Linux,820,360,subj,adult,adult_consent,,32.42646666666667,15,Yes
0.94,carrot,food,old,yellow,age,color,13,35_or_older,Español,Yes,Yes,No,B1,No,Only_basic,,Chrome,Linux,820,360,subj,adult,adult_consent,,32.42646666666667,15,Yes
0.95,fan,furniture,soft,wooden,texture,material,14,35_or_older,Español,Yes,Yes,No,B1,No,Only_basic,,Chrome,Linux,820,360,subj,adult,adult_consent,,32.42646666666667,15,Yes
0.03,apple,food,green,small,color,size,15,35_or_older,Español,Yes,Yes,No,B1,No,Only_basic,,Chrome,Linux,820,360,subj,adult,adult_consent,,32.42646666666667,15,Yes
0.94,TV,furniture,soft,short,texture,size,16,35_or_older,Español,Yes,Yes,No,B1,No,Only_basic,,Chrome,Linux,820,360,subj,adult,adult_consent,,32.42646666666667,15,Yes
0.02,fan,furniture,rotten,smooth,age,texture,17,35_or_older,Español,Yes,Yes,No,B1,No,Only_basic,,Chrome,Linux,820,360,subj,adult,adult_consent,,32.42646666666667,15,Yes
0.95,couch,furniture,hard,yellow,texture,color,18,35_or_older,Español,Yes,Yes,No,B1,No,Only_basic,,Chrome,Linux,820,360,subj,adult,adult_consent,,32.42646666666667,15,Yes
0.04,desk,furniture,purple,big,color,size,19,35_or_older,Español,Yes,Yes,No,B1,No,Only_basic,,Chrome,Linux,820,360,subj,adult,adult_consent,,32.42646666666667,15,Yes
0.97,desk,furniture,new,plastic,age,material,20,35_or_older,Español,Yes,Yes,No,B1,No,Only_basic,,Chrome,Linux,820,360,subj,adult,adult_consent,,32.42646666666667,15,Yes
0.02,carrot,food,metal,big,material,size,21,35_or_older,Español,Yes,Yes,No,B1,No,Only_basic,,Chrome,Linux,820,360,subj,adult,adult_consent,,32.42646666666667,15,Yes
0.02,desk,furniture,brown,square,color,shape,22,35_or_older,Español,Yes,Yes,No,B1,No,Only_basic,,Chrome,Linux,820,360,subj,adult,adult_consent,,32.42646666666667,15,Yes
0.99,desk,furniture,soft,plastic,texture,material,23,35_or_older,Español,Yes,Yes,No,B1,No,Only_basic,,Chrome,Linux,820,360,subj,adult,adult_consent,,32.42646666666667,15,Yes
0.98,apple,food,hard,brown,texture,color,24,35_or_older,Español,Yes,Yes,No,B1,No,Only_basic,,Chrome,Linux,820,360,subj,adult,adult_consent,,32.42646666666667,15,Yes
0.99,tomato,food,short,yellow,size,color,25,35_or_older,Español,Yes,Yes,No,B1,No,Only_basic,,Chrome,Linux,820,360,subj,adult,adult_consent,,32.42646666666667,15,Yes
0.01,cheese,food,red,bad,color,quality,26,35_or_older,Español,Yes,Yes,No,B1,No,Only_basic,,Chrome,Linux,820,360,subj,adult,adult_consent,,32.42646666666667,15,Yes
0.04,chair,furniture,old,smooth,age,texture,27,35_or_older,Español,Yes,Yes,No,B1,No,Only_basic,,Chrome,Linux,820,360,subj,adult,adult_consent,,32.42646666666667,15,Yes
0.96,cheese,food,round,metal,shape,material,28,35_or_older,Español,Yes,Yes,No,B1,No,Only_basic,,Chrome,Linux,820,360,subj,adult,adult_consent,,32.42646666666667,15,Yes
0.99,fan,furniture,rotten,blue,age,color,29,35_or_older,Español,Yes,Yes,No,B1,No,Only_basic,,Chrome,Linux,820,360,subj,adult,adult_consent,,32.42646666666667,15,Yes
0.02,banana,food,plastic,red,material,color,30,35_or_older,Español,Yes,Yes,No,B1,No,Only_basic,,Chrome,Linux,820,360,subj,adult,adult_consent,,32.42646666666667,15,Yes
0.0,tomato,food,purple,fresh,color,age,31,35_or_older,Español,Yes,Yes,No,B1,No,Only_basic,,Chrome,Linux,820,360,subj,adult,adult_consent,,32.42646666666667,15,Yes
0.0,apple,food,plastic,green,material,color,6,25-34,Español,Yes,Yes,Yes,B2_or_higher,No,Yes_detailed,"Muy interesante la propuesta, me resultó beneficiosa para recordar lo que había aprendido sobre el orden de los adjetivos. Buena suerte!",Chrome,Windows,864,1536,subj,adult,adult_consent,,28.530516666666667,16,Yes
1.0,cheese,food,plastic,fresh,material,age,7,25-34,Español,Yes,Yes,Yes,B2_or_higher,No,Yes_detailed,"Muy interesante la propuesta, me resultó beneficiosa para recordar lo que había aprendido sobre el orden de los adjetivos. Buena suerte!",Chrome,Windows,864,1536,subj,adult,adult_consent,,28.530516666666667,16,Yes
0.98,cheese,food,short,brown,size,color,8,25-34,Español,Yes,Yes,Yes,B2_or_higher,No,Yes_detailed,"Muy interesante la propuesta, me resultó beneficiosa para recordar lo que había aprendido sobre el orden de los adjetivos. Buena suerte!",Chrome,Windows,864,1536,subj,adult,adult_consent,,28.530516666666667,16,Yes
1.0,couch,furniture,old,yellow,age,color,9,25-34,Español,Yes,Yes,Yes,B2_or_higher,No,Yes_detailed,"Muy interesante la propuesta, me resultó beneficiosa para recordar lo que había aprendido sobre el orden de los adjetivos. Buena suerte!",Chrome,Windows,864,1536,subj,adult,adult_consent,,28.530516666666667,16,Yes
0.0,carrot,food,rotten,good,age,quality,10,25-34,Español,Yes,Yes,Yes,B2_or_higher,No,Yes_detailed,"Muy interesante la propuesta, me resultó beneficiosa para recordar lo que había aprendido sobre el orden de los adjetivos. Buena suerte!",Chrome,Windows,864,1536,subj,adult,adult_consent,,28.530516666666667,16,Yes
0.01,banana,food,soft,bad,texture,quality,11,25-34,Español,Yes,Yes,Yes,B2_or_higher,No,Yes_detailed,"Muy interesante la propuesta, me resultó beneficiosa para recordar lo que había aprendido sobre el orden de los adjetivos. Buena suerte!",Chrome,Windows,864,1536,subj,adult,adult_consent,,28.530516666666667,16,Yes
0.0,banana,food,plastic,short,material,size,12,25-34,Español,Yes,Yes,Yes,B2_or_higher,No,Yes_detailed,"Muy interesante la propuesta, me resultó beneficiosa para recordar lo que había aprendido sobre el orden de los adjetivos. Buena suerte!",Chrome,Windows,864,1536,subj,adult,adult_consent,,28.530516666666667,16,Yes
1.0,tomato,food,long,blue,size,color,13,25-34,Español,Yes,Yes,Yes,B2_or_higher,No,Yes_detailed,"Muy interesante la propuesta, me resultó beneficiosa para recordar lo que había aprendido sobre el orden de los adjetivos. Buena suerte!",Chrome,Windows,864,1536,subj,adult,adult_consent,,28.530516666666667,16,Yes
0.0,tomato,food,metal,good,material,quality,14,25-34,Español,Yes,Yes,Yes,B2_or_higher,No,Yes_detailed,"Muy interesante la propuesta, me resultó beneficiosa para recordar lo que había aprendido sobre el orden de los adjetivos. Buena suerte!",Chrome,Windows,864,1536,subj,adult,adult_consent,,28.530516666666667,16,Yes
0.0,carrot,food,fresh,big,age,size,15,25-34,Español,Yes,Yes,Yes,B2_or_higher,No,Yes_detailed,"Muy interesante la propuesta, me resultó beneficiosa para recordar lo que había aprendido sobre el orden de los adjetivos. Buena suerte!",Chrome,Windows,864,1536,subj,adult,adult_consent,,28.530516666666667,16,Yes
1.0,tomato,food,long,blue,size,color,16,25-34,Español,Yes,Yes,Yes,B2_or_higher,No,Yes_detailed,"Muy interesante la propuesta, me resultó beneficiosa para recordar lo que había aprendido sobre el orden de los adjetivos. Buena suerte!",Chrome,Windows,864,1536,subj,adult,adult_consent,,28.530516666666667,16,Yes
0.0,chair,furniture,huge,good,size,quality,17,25-34,Español,Yes,Yes,Yes,B2_or_higher,No,Yes_detailed,"Muy interesante la propuesta, me resultó beneficiosa para recordar lo que había aprendido sobre el orden de los adjetivos. Buena suerte!",Chrome,Windows,864,1536,subj,adult,adult_consent,,28.530516666666667,16,Yes
0.0,TV,furniture,green,huge,color,size,18,25-34,Español,Yes,Yes,Yes,B2_or_higher,No,Yes_detailed,"Muy interesante la propuesta, me resultó beneficiosa para recordar lo que había aprendido sobre el orden de los adjetivos. Buena suerte!",Chrome,Windows,864,1536,subj,adult,adult_consent,,28.530516666666667,16,Yes
0.0,couch,furniture,fresh,big,age,size,19,25-34,Español,Yes,Yes,Yes,B2_or_higher,No,Yes_detailed,"Muy interesante la propuesta, me resultó beneficiosa para recordar lo que había aprendido sobre el orden de los adjetivos. Buena suerte!",Chrome,Windows,864,1536,subj,adult,adult_consent,,28.530516666666667,16,Yes
0.0,apple,food,plastic,brown,material,color,20,25-34,Español,Yes,Yes,Yes,B2_or_higher,No,Yes_detailed,"Muy interesante la propuesta, me resultó beneficiosa para recordar lo que había aprendido sobre el orden de los adjetivos. Buena suerte!",Chrome,Windows,864,1536,subj,adult,adult_consent,,28.530516666666667,16,Yes
1.0,cheese,food,big,hard,size,texture,21,25-34,Español,Yes,Yes,Yes,B2_or_higher,No,Yes_detailed,"Muy interesante la propuesta, me resultó beneficiosa para recordar lo que había aprendido sobre el orden de los adjetivos. Buena suerte!",Chrome,Windows,864,1536,subj,adult,adult_consent,,28.530516666666667,16,Yes
1.0,chair,furniture,good,wooden,quality,material,22,25-34,Español,Yes,Yes,Yes,B2_or_higher,No,Yes_detailed,"Muy interesante la propuesta, me resultó beneficiosa para recordar lo que había aprendido sobre el orden de los adjetivos. Buena suerte!",Chrome,Windows,864,1536,subj,adult,adult_consent,,28.530516666666667,16,Yes
0.0,desk,furniture,round,rotten,shape,age,23,25-34,Español,Yes,Yes,Yes,B2_or_higher,No,Yes_detailed,"Muy interesante la propuesta, me resultó beneficiosa para recordar lo que había aprendido sobre el orden de los adjetivos. Buena suerte!",Chrome,Windows,864,1536,subj,adult,adult_consent,,28.530516666666667,16,Yes
0.0,banana,food,fresh,plastic,age,material,24,25-34,Español,Yes,Yes,Yes,B2_or_higher,No,Yes_detailed,"Muy interesante la propuesta, me resultó beneficiosa para recordar lo que había aprendido sobre el orden de los adjetivos. Buena suerte!",Chrome,Windows,864,1536,subj,adult,adult_consent,,28.530516666666667,16,Yes
0.0,carrot,food,yellow,huge,color,size,25,25-34,Español,Yes,Yes,Yes,B2_or_higher,No,Yes_detailed,"Muy interesante la propuesta, me resultó beneficiosa para recordar lo que había aprendido sobre el orden de los adjetivos. Buena suerte!",Chrome,Windows,864,1536,subj,adult,adult_consent,,28.530516666666667,16,Yes
1.0,fan,furniture,bad,short,quality,size,26,25-34,Español,Yes,Yes,Yes,B2_or_higher,No,Yes_detailed,"Muy interesante la propuesta, me resultó beneficiosa para recordar lo que había aprendido sobre el orden de los adjetivos. Buena suerte!",Chrome,Windows,864,1536,subj,adult,adult_consent,,28.530516666666667,16,Yes
0.0,apple,food,red,round,color,shape,27,25-34,Español,Yes,Yes,Yes,B2_or_higher,No,Yes_detailed,"Muy interesante la propuesta, me resultó beneficiosa para recordar lo que había aprendido sobre el orden de los adjetivos. Buena suerte!",Chrome,Windows,864,1536,subj,adult,adult_consent,,28.530516666666667,16,Yes
0.0,cheese,food,metal,hard,material,texture,28,25-34,Español,Yes,Yes,Yes,B2_or_higher,No,Yes_detailed,"Muy interesante la propuesta, me resultó beneficiosa para recordar lo que había aprendido sobre el orden de los adjetivos. Buena suerte!",Chrome,Windows,864,1536,subj,adult,adult_consent,,28.530516666666667,16,Yes
1.0,banana,food,good,plastic,quality,material,29,25-34,Español,Yes,Yes,Yes,B2_or_higher,No,Yes_detailed,"Muy interesante la propuesta, me resultó beneficiosa para recordar lo que había aprendido sobre el orden de los adjetivos. Buena suerte!",Chrome,Windows,864,1536,subj,adult,adult_consent,,28.530516666666667,16,Yes
1.0,TV,furniture,small,blue,size,color,30,25-34,Español,Yes,Yes,Yes,B2_or_higher,No,Yes_detailed,"Muy interesante la propuesta, me resultó beneficiosa para recordar lo que había aprendido sobre el orden de los adjetivos. Buena suerte!",Chrome,Windows,864,1536,subj,adult,adult_consent,,28.530516666666667,16,Yes
1.0,TV,furniture,small,red,size,color,31,25-34,Español,Yes,Yes,Yes,B2_or_higher,No,Yes_detailed,"Muy interesante la propuesta, me resultó beneficiosa para recordar lo que había aprendido sobre el orden de los adjetivos. Buena suerte!",Chrome,Windows,864,1536,subj,adult,adult_consent,,28.530516666666667,16,Yes
0.97,couch,furniture,good,round,quality,shape,6,25-34,Español,Yes,Yes,Yes,B2_or_higher,No,Only_basic,,Chrome,Linux,960,432,trad,adult,adult_consent,,55.859366666666666,17,Yes
0.03,desk,furniture,wooden,rotten,material,age,7,25-34,Español,Yes,Yes,Yes,B2_or_higher,No,Only_basic,,Chrome,Linux,960,432,trad,adult,adult_consent,,55.859366666666666,17,Yes
0.92,chair,furniture,short,metal,size,material,8,25-34,Español,Yes,Yes,Yes,B2_or_higher,No,Only_basic,,Chrome,Linux,960,432,trad,adult,adult_consent,,55.859366666666666,17,Yes
0.96,cheese,food,small,blue,size,color,9,25-34,Español,Yes,Yes,Yes,B2_or_higher,No,Only_basic,,Chrome,Linux,960,432,trad,adult,adult_consent,,55.859366666666666,17,Yes
0.95,chair,furniture,hard,fresh,texture,age,10,25-34,Español,Yes,Yes,Yes,B2_or_higher,No,Only_basic,,Chrome,Linux,960,432,trad,adult,adult_consent,,55.859366666666666,17,Yes
0.96,fan,furniture,soft,square,texture,shape,11,25-34,Español,Yes,Yes,Yes,B2_or_higher,No,Only_basic,,Chrome,Linux,960,432,trad,adult,adult_consent,,55.859366666666666,17,Yes
0.94,desk,furniture,good,brown,quality,color,12,25-34,Español,Yes,Yes,Yes,B2_or_higher,No,Only_basic,,Chrome,Linux,960,432,trad,adult,adult_consent,,55.859366666666666,17,Yes
0.07,carrot,food,plastic,big,material,size,13,25-34,Español,Yes,Yes,Yes,B2_or_higher,No,Only_basic,,Chrome,Linux,960,432,trad,adult,adult_consent,,55.859366666666666,17,Yes
0.97,fan,furniture,fresh,wooden,age,material,14,25-34,Español,Yes,Yes,Yes,B2_or_higher,No,Only_basic,,Chrome,Linux,960,432,trad,adult,adult_consent,,55.859366666666666,17,Yes
0.98,carrot,food,hard,rotten,texture,age,15,25-34,Español,Yes,Yes,Yes,B2_or_higher,No,Only_basic,,Chrome,Linux,960,432,trad,adult,adult_consent,,55.859366666666666,17,Yes
0.92,cheese,food,big,purple,size,color,16,25-34,Español,Yes,Yes,Yes,B2_or_higher,No,Only_basic,,Chrome,Linux,960,432,trad,adult,adult_consent,,55.859366666666666,17,Yes
0.02,cheese,food,square,big,shape,size,17,25-34,Español,Yes,Yes,Yes,B2_or_higher,No,Only_basic,,Chrome,Linux,960,432,trad,adult,adult_consent,,55.859366666666666,17,Yes
0.01,tomato,food,green,tiny,color,size,18,25-34,Español,Yes,Yes,Yes,B2_or_higher,No,Only_basic,,Chrome,Linux,960,432,trad,adult,adult_consent,,55.859366666666666,17,Yes
0.02,couch,furniture,new,soft,age,texture,19,25-34,Español,Yes,Yes,Yes,B2_or_higher,No,Only_basic,,Chrome,Linux,960,432,trad,adult,adult_consent,,55.859366666666666,17,Yes
0.99,TV,furniture,tiny,new,size,age,20,25-34,Español,Yes,Yes,Yes,B2_or_higher,No,Only_basic,,Chrome,Linux,960,432,trad,adult,adult_consent,,55.859366666666666,17,Yes
0.94,fan,furniture,bad,old,quality,age,21,25-34,Español,Yes,Yes,Yes,B2_or_higher,No,Only_basic,,Chrome,Linux,960,432,trad,adult,adult_consent,,55.859366666666666,17,Yes
0.93,desk,furniture,soft,new,texture,age,22,25-34,Español,Yes,Yes,Yes,B2_or_higher,No,Only_basic,,Chrome,Linux,960,432,trad,adult,adult_consent,,55.859366666666666,17,Yes
0.96,chair,furniture,hard,bad,texture,quality,23,25-34,Español,Yes,Yes,Yes,B2_or_higher,No,Only_basic,,Chrome,Linux,960,432,trad,adult,adult_consent,,55.859366666666666,17,Yes
0.05,fan,furniture,metal,soft,material,texture,24,25-34,Español,Yes,Yes,Yes,B2_or_higher,No,Only_basic,,Chrome,Linux,960,432,trad,adult,adult_consent,,55.859366666666666,17,Yes
0.95,cheese,food,long,purple,size,color,25,25-34,Español,Yes,Yes,Yes,B2_or_higher,No,Only_basic,,Chrome,Linux,960,432,trad,adult,adult_consent,,55.859366666666666,17,Yes
0.96,TV,furniture,good,blue,quality,color,26,25-34,Español,Yes,Yes,Yes,B2_or_higher,No,Only_basic,,Chrome,Linux,960,432,trad,adult,adult_consent,,55.859366666666666,17,Yes
0.93,banana,food,short,wooden,size,material,27,25-34,Español,Yes,Yes,Yes,B2_or_higher,No,Only_basic,,Chrome,Linux,960,432,trad,adult,adult_consent,,55.859366666666666,17,Yes
0.93,desk,furniture,hard,small,texture,size,28,25-34,Español,Yes,Yes,Yes,B2_or_higher,No,Only_basic,,Chrome,Linux,960,432,trad,adult,adult_consent,,55.859366666666666,17,Yes
0.02,desk,furniture,plastic,brown,material,color,29,25-34,Español,Yes,Yes,Yes,B2_or_higher,No,Only_basic,,Chrome,Linux,960,432,trad,adult,adult_consent,,55.859366666666666,17,Yes
0.97,banana,food,fresh,huge,age,size,30,25-34,Español,Yes,Yes,Yes,B2_or_higher,No,Only_basic,,Chrome,Linux,960,432,trad,adult,adult_consent,,55.859366666666666,17,Yes
0.01,carrot,food,blue,short,color,size,31,25-34,Español,Yes,Yes,Yes,B2_or_higher,No,Only_basic,,Chrome,Linux,960,432,trad,adult,adult_consent,,55.859366666666666,17,Yes
0.93,carrot,food,old,plastic,age,material,6,18-24,Español,Yes,Yes,Yes,B1+,No,Only_basic,,Chrome,Linux,832,384,trad,adult,adult_consent,,29.2074,18,Yes
0.93,cheese,food,square,new,shape,age,7,18-24,Español,Yes,Yes,Yes,B1+,No,Only_basic,,Chrome,Linux,832,384,trad,adult,adult_consent,,29.2074,18,Yes
0.96,banana,food,bad,purple,quality,color,8,18-24,Español,Yes,Yes,Yes,B1+,No,Only_basic,,Chrome,Linux,832,384,trad,adult,adult_consent,,29.2074,18,Yes
0.06,carrot,food,green,square,color,shape,9,18-24,Español,Yes,Yes,Yes,B1+,No,Only_basic,,Chrome,Linux,832,384,trad,adult,adult_consent,,29.2074,18,Yes
0.92,cheese,food,huge,plastic,size,material,10,18-24,Español,Yes,Yes,Yes,B1+,No,Only_basic,,Chrome,Linux,832,384,trad,adult,adult_consent,,29.2074,18,Yes
0.93,couch,furniture,blue,metal,color,material,11,18-24,Español,Yes,Yes,Yes,B1+,No,Only_basic,,Chrome,Linux,832,384,trad,adult,adult_consent,,29.2074,18,Yes
0.09,banana,food,fresh,bad,age,quality,12,18-24,Español,Yes,Yes,Yes,B1+,No,Only_basic,,Chrome,Linux,832,384,trad,adult,adult_consent,,29.2074,18,Yes
0.07,TV,furniture,soft,big,texture,size,13,18-24,Español,Yes,Yes,Yes,B1+,No,Only_basic,,Chrome,Linux,832,384,trad,adult,adult_consent,,29.2074,18,Yes
0.95,carrot,food,square,wooden,shape,material,14,18-24,Español,Yes,Yes,Yes,B1+,No,Only_basic,,Chrome,Linux,832,384,trad,adult,adult_consent,,29.2074,18,Yes
0.05,apple,food,fresh,round,age,shape,15,18-24,Español,Yes,Yes,Yes,B1+,No,Only_basic,,Chrome,Linux,832,384,trad,adult,adult_consent,,29.2074,18,Yes
0.06,cheese,food,big,smooth,size,texture,16,18-24,Español,Yes,Yes,Yes,B1+,No,Only_basic,,Chrome,Linux,832,384,trad,adult,adult_consent,,29.2074,18,Yes
0.04,carrot,food,big,square,size,shape,17,18-24,Español,Yes,Yes,Yes,B1+,No,Only_basic,,Chrome,Linux,832,384,trad,adult,adult_consent,,29.2074,18,Yes
0.93,apple,food,small,fresh,size,age,18,18-24,Español,Yes,Yes,Yes,B1+,No,Only_basic,,Chrome,Linux,832,384,trad,adult,adult_consent,,29.2074,18,Yes
0.99,fan,furniture,long,green,size,color,19,18-24,Español,Yes,Yes,Yes,B1+,No,Only_basic,,Chrome,Linux,832,384,trad,adult,adult_consent,,29.2074,18,Yes
0.03,couch,furniture,green,fresh,color,age,20,18-24,Español,Yes,Yes,Yes,B1+,No,Only_basic,,Chrome,Linux,832,384,trad,adult,adult_consent,,29.2074,18,Yes
0.96,TV,furniture,long,hard,size,texture,21,18-24,Español,Yes,Yes,Yes,B1+,No,Only_basic,,Chrome,Linux,832,384,trad,adult,adult_consent,,29.2074,18,Yes
0.39,tomato,food,soft,blue,texture,color,22,18-24,Español,Yes,Yes,Yes,B1+,No,Only_basic,,Chrome,Linux,832,384,trad,adult,adult_consent,,29.2074,18,Yes
0.26,desk,furniture,soft,purple,texture,color,23,18-24,Español,Yes,Yes,Yes,B1+,No,Only_basic,,Chrome,Linux,832,384,trad,adult,adult_consent,,29.2074,18,Yes
0.0,carrot,food,wooden,brown,material,color,24,18-24,Español,Yes,Yes,Yes,B1+,No,Only_basic,,Chrome,Linux,832,384,trad,adult,adult_consent,,29.2074,18,Yes
0.78,banana,food,round,hard,shape,texture,25,18-24,Español,Yes,Yes,Yes,B1+,No,Only_basic,,Chrome,Linux,832,384,trad,adult,adult_consent,,29.2074,18,Yes
0.95,TV,furniture,square,purple,shape,color,26,18-24,Español,Yes,Yes,Yes,B1+,No,Only_basic,,Chrome,Linux,832,384,trad,adult,adult_consent,,29.2074,18,Yes
0.95,cheese,food,rotten,metal,age,material,27,18-24,Español,Yes,Yes,Yes,B1+,No,Only_basic,,Chrome,Linux,832,384,trad,adult,adult_consent,,29.2074,18,Yes
0.18,TV,furniture,rotten,tiny,age,size,28,18-24,Español,Yes,Yes,Yes,B1+,No,Only_basic,,Chrome,Linux,832,384,trad,adult,adult_consent,,29.2074,18,Yes
0.96,apple,food,old,plastic,age,material,29,18-24,Español,Yes,Yes,Yes,B1+,No,Only_basic,,Chrome,Linux,832,384,trad,adult,adult_consent,,29.2074,18,Yes
0.99,chair,furniture,tiny,wooden,size,material,30,18-24,Español,Yes,Yes,Yes,B1+,No,Only_basic,,Chrome,Linux,832,384,trad,adult,adult_consent,,29.2074,18,Yes
0.28,cheese,food,short,round,size,shape,31,18-24,Español,Yes,Yes,Yes,B1+,No,Only_basic,,Chrome,Linux,832,384,trad,adult,adult_consent,,29.2074,18,Yes
0.14,carrot,food,bad,purple,quality,color,6,35_or_older,Castellano,Yes,No,Yes,A2,No,Only_basic,Me resultó interesante ,Chrome,Linux,922,412,subj,adult,adult_consent,,19.705383333333334,19,Yes
0.93,apple,food,smooth,tiny,texture,size,7,35_or_older,Castellano,Yes,No,Yes,A2,No,Only_basic,Me resultó interesante ,Chrome,Linux,922,412,subj,adult,adult_consent,,19.705383333333334,19,Yes
0.14,fan,furniture,smooth,fresh,texture,age,8,35_or_older,Castellano,Yes,No,Yes,A2,No,Only_basic,Me resultó interesante ,Chrome,Linux,922,412,subj,adult,adult_consent,,19.705383333333334,19,Yes
0.97,apple,food,big,square,size,shape,9,35_or_older,Castellano,Yes,No,Yes,A2,No,Only_basic,Me resultó interesante ,Chrome,Linux,922,412,subj,adult,adult_consent,,19.705383333333334,19,Yes
0.25,fan,furniture,yellow,good,color,quality,10,35_or_older,Castellano,Yes,No,Yes,A2,No,Only_basic,Me resultó interesante ,Chrome,Linux,922,412,subj,adult,adult_consent,,19.705383333333334,19,Yes
0.06,cheese,food,rotten,square,age,shape,11,35_or_older,Castellano,Yes,No,Yes,A2,No,Only_basic,Me resultó interesante ,Chrome,Linux,922,412,subj,adult,adult_consent,,19.705383333333334,19,Yes
0.96,couch,furniture,new,hard,age,texture,12,35_or_older,Castellano,Yes,No,Yes,A2,No,Only_basic,Me resultó interesante ,Chrome,Linux,922,412,subj,adult,adult_consent,,19.705383333333334,19,Yes
0.1,cheese,food,rotten,round,age,shape,13,35_or_older,Castellano,Yes,No,Yes,A2,No,Only_basic,Me resultó interesante ,Chrome,Linux,922,412,subj,adult,adult_consent,,19.705383333333334,19,Yes
0.19,apple,food,green,smooth,color,texture,14,35_or_older,Castellano,Yes,No,Yes,A2,No,Only_basic,Me resultó interesante ,Chrome,Linux,922,412,subj,adult,adult_consent,,19.705383333333334,19,Yes
0.15,desk,furniture,huge,good,size,quality,15,35_or_older,Castellano,Yes,No,Yes,A2,No,Only_basic,Me resultó interesante ,Chrome,Linux,922,412,subj,adult,adult_consent,,19.705383333333334,19,Yes
0.88,fan,furniture,hard,yellow,texture,color,16,35_or_older,Castellano,Yes,No,Yes,A2,No,Only_basic,Me resultó interesante ,Chrome,Linux,922,412,subj,adult,adult_consent,,19.705383333333334,19,Yes
0.8,TV,furniture,square,blue,shape,color,17,35_or_older,Castellano,Yes,No,Yes,A2,No,Only_basic,Me resultó interesante ,Chrome,Linux,922,412,subj,adult,adult_consent,,19.705383333333334,19,Yes
0.95,tomato,food,old,red,age,color,18,35_or_older,Castellano,Yes,No,Yes,A2,No,Only_basic,Me resultó interesante ,Chrome,Linux,922,412,subj,adult,adult_consent,,19.705383333333334,19,Yes
0.08,carrot,food,hard,rotten,texture,age,19,35_or_older,Castellano,Yes,No,Yes,A2,No,Only_basic,Me resultó interesante ,Chrome,Linux,922,412,subj,adult,adult_consent,,19.705383333333334,19,Yes
0.17,cheese,food,yellow,short,color,size,20,35_or_older,Castellano,Yes,No,Yes,A2,No,Only_basic,Me resultó interesante ,Chrome,Linux,922,412,subj,adult,adult_consent,,19.705383333333334,19,Yes
0.9,chair,furniture,yellow,plastic,color,material,21,35_or_older,Castellano,Yes,No,Yes,A2,No,Only_basic,Me resultó interesante ,Chrome,Linux,922,412,subj,adult,adult_consent,,19.705383333333334,19,Yes
0.18,chair,furniture,square,new,shape,age,22,35_or_older,Castellano,Yes,No,Yes,A2,No,Only_basic,Me resultó interesante ,Chrome,Linux,922,412,subj,adult,adult_consent,,19.705383333333334,19,Yes
0.15,apple,food,short,metal,size,material,23,35_or_older,Castellano,Yes,No,Yes,A2,No,Only_basic,Me resultó interesante ,Chrome,Linux,922,412,subj,adult,adult_consent,,19.705383333333334,19,Yes
0.02,desk,furniture,hard,long,texture,size,24,35_or_older,Castellano,Yes,No,Yes,A2,No,Only_basic,Me resultó interesante ,Chrome,Linux,922,412,subj,adult,adult_consent,,19.705383333333334,19,Yes
0.12,tomato,food,plastic,fresh,material,age,25,35_or_older,Castellano,Yes,No,Yes,A2,No,Only_basic,Me resultó interesante ,Chrome,Linux,922,412,subj,adult,adult_consent,,19.705383333333334,19,Yes
0.08,desk,furniture,old,bad,age,quality,26,35_or_older,Castellano,Yes,No,Yes,A2,No,Only_basic,Me resultó interesante ,Chrome,Linux,922,412,subj,adult,adult_consent,,19.705383333333334,19,Yes
0.04,apple,food,blue,square,color,shape,27,35_or_older,Castellano,Yes,No,Yes,A2,No,Only_basic,Me resultó interesante ,Chrome,Linux,922,412,subj,adult,adult_consent,,19.705383333333334,19,Yes
0.04,apple,food,red,huge,color,size,28,35_or_older,Castellano,Yes,No,Yes,A2,No,Only_basic,Me resultó interesante ,Chrome,Linux,922,412,subj,adult,adult_consent,,19.705383333333334,19,Yes
0.95,chair,furniture,old,blue,age,color,29,35_or_older,Castellano,Yes,No,Yes,A2,No,Only_basic,Me resultó interesante ,Chrome,Linux,922,412,subj,adult,adult_consent,,19.705383333333334,19,Yes
0.96,fan,furniture,hard,red,texture,color,30,35_or_older,Castellano,Yes,No,Yes,A2,No,Only_basic,Me resultó interesante ,Chrome,Linux,922,412,subj,adult,adult_consent,,19.705383333333334,19,Yes
0.2,fan,furniture,hard,bad,texture,quality,31,35_or_older,Castellano,Yes,No,Yes,A2,No,Only_basic,Me resultó interesante ,Chrome,Linux,922,412,subj,adult,adult_consent,,19.705383333333334,19,Yes
0.99,banana,food,old,good,age,quality,6,35_or_older,Español,Yes,No,Yes,Not_sure,No,Only_basic,Hace casi 30 años dejé de estudiar inglés ,Chrome,Linux,825,360,subj,adult,adult_consent,,16.3159,20,Yes
0.03,desk,furniture,wooden,purple,material,color,7,35_or_older,Español,Yes,No,Yes,Not_sure,No,Only_basic,Hace casi 30 años dejé de estudiar inglés ,Chrome,Linux,825,360,subj,adult,adult_consent,,16.3159,20,Yes
0.92,carrot,food,fresh,plastic,age,material,8,35_or_older,Español,Yes,No,Yes,Not_sure,No,Only_basic,Hace casi 30 años dejé de estudiar inglés ,Chrome,Linux,825,360,subj,adult,adult_consent,,16.3159,20,Yes
0.03,TV,furniture,round,brown,shape,color,9,35_or_older,Español,Yes,No,Yes,Not_sure,No,Only_basic,Hace casi 30 años dejé de estudiar inglés ,Chrome,Linux,825,360,subj,adult,adult_consent,,16.3159,20,Yes
0.96,cheese,food,soft,long,texture,size,10,35_or_older,Español,Yes,No,Yes,Not_sure,No,Only_basic,Hace casi 30 años dejé de estudiar inglés ,Chrome,Linux,825,360,subj,adult,adult_consent,,16.3159,20,Yes
0.97,apple,food,red,short,color,size,11,35_or_older,Español,Yes,No,Yes,Not_sure,No,Only_basic,Hace casi 30 años dejé de estudiar inglés ,Chrome,Linux,825,360,subj,adult,adult_consent,,16.3159,20,Yes
0.01,tomato,food,small,rotten,size,age,12,35_or_older,Español,Yes,No,Yes,Not_sure,No,Only_basic,Hace casi 30 años dejé de estudiar inglés ,Chrome,Linux,825,360,subj,adult,adult_consent,,16.3159,20,Yes
0.06,carrot,food,wooden,red,material,color,13,35_or_older,Español,Yes,No,Yes,Not_sure,No,Only_basic,Hace casi 30 años dejé de estudiar inglés ,Chrome,Linux,825,360,subj,adult,adult_consent,,16.3159,20,Yes
0.08,fan,furniture,square,fresh,shape,age,14,35_or_older,Español,Yes,No,Yes,Not_sure,No,Only_basic,Hace casi 30 años dejé de estudiar inglés ,Chrome,Linux,825,360,subj,adult,adult_consent,,16.3159,20,Yes
0.08,desk,furniture,round,old,shape,age,15,35_or_older,Español,Yes,No,Yes,Not_sure,No,Only_basic,Hace casi 30 años dejé de estudiar inglés ,Chrome,Linux,825,360,subj,adult,adult_consent,,16.3159,20,Yes
0.03,banana,food,red,soft,color,texture,16,35_or_older,Español,Yes,No,Yes,Not_sure,No,Only_basic,Hace casi 30 años dejé de estudiar inglés ,Chrome,Linux,825,360,subj,adult,adult_consent,,16.3159,20,Yes
0.09,desk,furniture,soft,yellow,texture,color,17,35_or_older,Español,Yes,No,Yes,Not_sure,No,Only_basic,Hace casi 30 años dejé de estudiar inglés ,Chrome,Linux,825,360,subj,adult,adult_consent,,16.3159,20,Yes
0.06,couch,furniture,tiny,good,size,quality,18,35_or_older,Español,Yes,No,Yes,Not_sure,No,Only_basic,Hace casi 30 años dejé de estudiar inglés ,Chrome,Linux,825,360,subj,adult,adult_consent,,16.3159,20,Yes
0.02,couch,furniture,square,smooth,shape,texture,19,35_or_older,Español,Yes,No,Yes,Not_sure,No,Only_basic,Hace casi 30 años dejé de estudiar inglés ,Chrome,Linux,825,360,subj,adult,adult_consent,,16.3159,20,Yes
0.06,apple,food,good,metal,quality,material,20,35_or_older,Español,Yes,No,Yes,Not_sure,No,Only_basic,Hace casi 30 años dejé de estudiar inglés ,Chrome,Linux,825,360,subj,adult,adult_consent,,16.3159,20,Yes
0.04,TV,furniture,small,new,size,age,21,35_or_older,Español,Yes,No,Yes,Not_sure,No,Only_basic,Hace casi 30 años dejé de estudiar inglés ,Chrome,Linux,825,360,subj,adult,adult_consent,,16.3159,20,Yes
0.07,cheese,food,yellow,big,color,size,22,35_or_older,Español,Yes,No,Yes,Not_sure,No,Only_basic,Hace casi 30 años dejé de estudiar inglés ,Chrome,Linux,825,360,subj,adult,adult_consent,,16.3159,20,Yes
0.13,desk,furniture,brown,short,color,size,23,35_or_older,Español,Yes,No,Yes,Not_sure,No,Only_basic,Hace casi 30 años dejé de estudiar inglés ,Chrome,Linux,825,360,subj,adult,adult_consent,,16.3159,20,Yes
0.08,TV,furniture,yellow,bad,color,quality,24,35_or_older,Español,Yes,No,Yes,Not_sure,No,Only_basic,Hace casi 30 años dejé de estudiar inglés ,Chrome,Linux,825,360,subj,adult,adult_consent,,16.3159,20,Yes
0.09,chair,furniture,new,huge,age,size,25,35_or_older,Español,Yes,No,Yes,Not_sure,No,Only_basic,Hace casi 30 años dejé de estudiar inglés ,Chrome,Linux,825,360,subj,adult,adult_consent,,16.3159,20,Yes
0.09,cheese,food,wooden,rotten,material,age,26,35_or_older,Español,Yes,No,Yes,Not_sure,No,Only_basic,Hace casi 30 años dejé de estudiar inglés ,Chrome,Linux,825,360,subj,adult,adult_consent,,16.3159,20,Yes
0.97,banana,food,big,square,size,shape,27,35_or_older,Español,Yes,No,Yes,Not_sure,No,Only_basic,Hace casi 30 años dejé de estudiar inglés ,Chrome,Linux,825,360,subj,adult,adult_consent,,16.3159,20,Yes
0.03,tomato,food,fresh,metal,age,material,28,35_or_older,Español,Yes,No,Yes,Not_sure,No,Only_basic,Hace casi 30 años dejé de estudiar inglés ,Chrome,Linux,825,360,subj,adult,adult_consent,,16.3159,20,Yes
0.05,carrot,food,tiny,hard,size,texture,29,35_or_older,Español,Yes,No,Yes,Not_sure,No,Only_basic,Hace casi 30 años dejé de estudiar inglés ,Chrome,Linux,825,360,subj,adult,adult_consent,,16.3159,20,Yes
0.97,cheese,food,hard,fresh,texture,age,30,35_or_older,Español,Yes,No,Yes,Not_sure,No,Only_basic,Hace casi 30 años dejé de estudiar inglés ,Chrome,Linux,825,360,subj,adult,adult_consent,,16.3159,20,Yes
0.97,apple,food,soft,new,texture,age,31,35_or_older,Español,Yes,No,Yes,Not_sure,No,Only_basic,Hace casi 30 años dejé de estudiar inglés ,Chrome,Linux,825,360,subj,adult,adult_consent,,16.3159,20,Yes
0.89,cheese,food,tiny,yellow,size,color,6,25-34,Español,Yes,Yes,Yes,B2_or_higher,No,Yes_detailed,,Chrome,Linux,780,360,subj,adult,adult_consent,,9.2982,21,Yes
0.07,cheese,food,short,bad,size,quality,7,25-34,Español,Yes,Yes,Yes,B2_or_higher,No,Yes_detailed,,Chrome,Linux,780,360,subj,adult,adult_consent,,9.2982,21,Yes
0.96,apple,food,purple,wooden,color,material,8,25-34,Español,Yes,Yes,Yes,B2_or_higher,No,Yes_detailed,,Chrome,Linux,780,360,subj,adult,adult_consent,,9.2982,21,Yes
0.08,desk,furniture,metal,huge,material,size,9,25-34,Español,Yes,Yes,Yes,B2_or_higher,No,Yes_detailed,,Chrome,Linux,780,360,subj,adult,adult_consent,,9.2982,21,Yes
0.05,banana,food,smooth,good,texture,quality,10,25-34,Español,Yes,Yes,Yes,B2_or_higher,No,Yes_detailed,,Chrome,Linux,780,360,subj,adult,adult_consent,,9.2982,21,Yes
0.06,apple,food,big,old,size,age,11,25-34,Español,Yes,Yes,Yes,B2_or_higher,No,Yes_detailed,,Chrome,Linux,780,360,subj,adult,adult_consent,,9.2982,21,Yes
0.05,cheese,food,plastic,blue,material,color,12,25-34,Español,Yes,Yes,Yes,B2_or_higher,No,Yes_detailed,,Chrome,Linux,780,360,subj,adult,adult_consent,,9.2982,21,Yes
0.94,cheese,food,good,plastic,quality,material,13,25-34,Español,Yes,Yes,Yes,B2_or_higher,No,Yes_detailed,,Chrome,Linux,780,360,subj,adult,adult_consent,,9.2982,21,Yes
0.11,cheese,food,yellow,short,color,size,14,25-34,Español,Yes,Yes,Yes,B2_or_higher,No,Yes_detailed,,Chrome,Linux,780,360,subj,adult,adult_consent,,9.2982,21,Yes
0.96,couch,furniture,blue,metal,color,material,15,25-34,Español,Yes,Yes,Yes,B2_or_higher,No,Yes_detailed,,Chrome,Linux,780,360,subj,adult,adult_consent,,9.2982,21,Yes
0.11,banana,food,purple,huge,color,size,16,25-34,Español,Yes,Yes,Yes,B2_or_higher,No,Yes_detailed,,Chrome,Linux,780,360,subj,adult,adult_consent,,9.2982,21,Yes
0.89,banana,food,rotten,round,age,shape,17,25-34,Español,Yes,Yes,Yes,B2_or_higher,No,Yes_detailed,,Chrome,Linux,780,360,subj,adult,adult_consent,,9.2982,21,Yes
0.96,TV,furniture,rotten,red,age,color,18,25-34,Español,Yes,Yes,Yes,B2_or_higher,No,Yes_detailed,,Chrome,Linux,780,360,subj,adult,adult_consent,,9.2982,21,Yes
0.03,tomato,food,brown,fresh,color,age,19,25-34,Español,Yes,Yes,Yes,B2_or_higher,No,Yes_detailed,,Chrome,Linux,780,360,subj,adult,adult_consent,,9.2982,21,Yes
0.02,desk,furniture,red,tiny,color,size,20,25-34,Español,Yes,Yes,Yes,B2_or_higher,No,Yes_detailed,,Chrome,Linux,780,360,subj,adult,adult_consent,,9.2982,21,Yes
0.97,chair,furniture,bad,long,quality,size,21,25-34,Español,Yes,Yes,Yes,B2_or_higher,No,Yes_detailed,,Chrome,Linux,780,360,subj,adult,adult_consent,,9.2982,21,Yes
0.06,chair,furniture,blue,rotten,color,age,22,25-34,Español,Yes,Yes,Yes,B2_or_higher,No,Yes_detailed,,Chrome,Linux,780,360,subj,adult,adult_consent,,9.2982,21,Yes
0.96,banana,food,tiny,yellow,size,color,23,25-34,Español,Yes,Yes,Yes,B2_or_higher,No,Yes_detailed,,Chrome,Linux,780,360,subj,adult,adult_consent,,9.2982,21,Yes
0.94,apple,food,soft,huge,texture,size,24,25-34,Español,Yes,Yes,Yes,B2_or_higher,No,Yes_detailed,,Chrome,Linux,780,360,subj,adult,adult_consent,,9.2982,21,Yes
0.96,tomato,food,soft,metal,texture,material,25,25-34,Español,Yes,Yes,Yes,B2_or_higher,No,Yes_detailed,,Chrome,Linux,780,360,subj,adult,adult_consent,,9.2982,21,Yes
0.93,fan,furniture,metal,tiny,material,size,26,25-34,Español,Yes,Yes,Yes,B2_or_higher,No,Yes_detailed,,Chrome,Linux,780,360,subj,adult,adult_consent,,9.2982,21,Yes
0.04,cheese,food,metal,good,material,quality,27,25-34,Español,Yes,Yes,Yes,B2_or_higher,No,Yes_detailed,,Chrome,Linux,780,360,subj,adult,adult_consent,,9.2982,21,Yes
0.96,chair,furniture,brown,metal,color,material,28,25-34,Español,Yes,Yes,Yes,B2_or_higher,No,Yes_detailed,,Chrome,Linux,780,360,subj,adult,adult_consent,,9.2982,21,Yes
0.97,apple,food,brown,tiny,color,size,29,25-34,Español,Yes,Yes,Yes,B2_or_higher,No,Yes_detailed,,Chrome,Linux,780,360,subj,adult,adult_consent,,9.2982,21,Yes
0.88,couch,furniture,good,yellow,quality,color,30,25-34,Español,Yes,Yes,Yes,B2_or_higher,No,Yes_detailed,,Chrome,Linux,780,360,subj,adult,adult_consent,,9.2982,21,Yes
0.94,cheese,food,old,tiny,age,size,31,25-34,Español,Yes,Yes,Yes,B2_or_higher,No,Yes_detailed,,Chrome,Linux,780,360,subj,adult,adult_consent,,9.2982,21,Yes
0.06,tomato,food,soft,metal,texture,material,6,25-34,Castellano,Yes,No,Yes,Not_sure,No,Only_basic,,Chrome,Linux,825,360,subj,adult,adult_consent,,11.975383333333333,22,Confused
0.87,banana,food,fresh,huge,age,size,7,25-34,Castellano,Yes,No,Yes,Not_sure,No,Only_basic,,Chrome,Linux,825,360,subj,adult,adult_consent,,11.975383333333333,22,Confused
0.93,banana,food,wooden,soft,material,texture,8,25-34,Castellano,Yes,No,Yes,Not_sure,No,Only_basic,,Chrome,Linux,825,360,subj,adult,adult_consent,,11.975383333333333,22,Confused
0.66,desk,furniture,red,fresh,color,age,9,25-34,Castellano,Yes,No,Yes,Not_sure,No,Only_basic,,Chrome,Linux,825,360,subj,adult,adult_consent,,11.975383333333333,22,Confused
0.03,tomato,food,plastic,big,material,size,10,25-34,Castellano,Yes,No,Yes,Not_sure,No,Only_basic,,Chrome,Linux,825,360,subj,adult,adult_consent,,11.975383333333333,22,Confused
0.23,fan,furniture,new,square,age,shape,11,25-34,Castellano,Yes,No,Yes,Not_sure,No,Only_basic,,Chrome,Linux,825,360,subj,adult,adult_consent,,11.975383333333333,22,Confused
0.97,tomato,food,new,purple,age,color,12,25-34,Castellano,Yes,No,Yes,Not_sure,No,Only_basic,,Chrome,Linux,825,360,subj,adult,adult_consent,,11.975383333333333,22,Confused
0.91,cheese,food,smooth,metal,texture,material,13,25-34,Castellano,Yes,No,Yes,Not_sure,No,Only_basic,,Chrome,Linux,825,360,subj,adult,adult_consent,,11.975383333333333,22,Confused
0.91,desk,furniture,bad,wooden,quality,material,14,25-34,Castellano,Yes,No,Yes,Not_sure,No,Only_basic,,Chrome,Linux,825,360,subj,adult,adult_consent,,11.975383333333333,22,Confused
0.82,couch,furniture,tiny,wooden,size,material,15,25-34,Castellano,Yes,No,Yes,Not_sure,No,Only_basic,,Chrome,Linux,825,360,subj,adult,adult_consent,,11.975383333333333,22,Confused
0.92,TV,furniture,wooden,green,material,color,16,25-34,Castellano,Yes,No,Yes,Not_sure,No,Only_basic,,Chrome,Linux,825,360,subj,adult,adult_consent,,11.975383333333333,22,Confused
0.24,chair,furniture,huge,smooth,size,texture,17,25-34,Castellano,Yes,No,Yes,Not_sure,No,Only_basic,,Chrome,Linux,825,360,subj,adult,adult_consent,,11.975383333333333,22,Confused
0.07,banana,food,fresh,short,age,size,18,25-34,Castellano,Yes,No,Yes,Not_sure,No,Only_basic,,Chrome,Linux,825,360,subj,adult,adult_consent,,11.975383333333333,22,Confused
0.71,cheese,food,wooden,smooth,material,texture,19,25-34,Castellano,Yes,No,Yes,Not_sure,No,Only_basic,,Chrome,Linux,825,360,subj,adult,adult_consent,,11.975383333333333,22,Confused
0.98,chair,furniture,soft,short,texture,size,20,25-34,Castellano,Yes,No,Yes,Not_sure,No,Only_basic,,Chrome,Linux,825,360,subj,adult,adult_consent,,11.975383333333333,22,Confused
0.96,desk,furniture,round,tiny,shape,size,21,25-34,Castellano,Yes,No,Yes,Not_sure,No,Only_basic,,Chrome,Linux,825,360,subj,adult,adult_consent,,11.975383333333333,22,Confused
0.13,fan,furniture,short,good,size,quality,22,25-34,Castellano,Yes,No,Yes,Not_sure,No,Only_basic,,Chrome,Linux,825,360,subj,adult,adult_consent,,11.975383333333333,22,Confused
0.12,apple,food,smooth,round,texture,shape,23,25-34,Castellano,Yes,No,Yes,Not_sure,No,Only_basic,,Chrome,Linux,825,360,subj,adult,adult_consent,,11.975383333333333,22,Confused
0.87,TV,furniture,fresh,metal,age,material,24,25-34,Castellano,Yes,No,Yes,Not_sure,No,Only_basic,,Chrome,Linux,825,360,subj,adult,adult_consent,,11.975383333333333,22,Confused
0.13,desk,furniture,brown,old,color,age,25,25-34,Castellano,Yes,No,Yes,Not_sure,No,Only_basic,,Chrome,Linux,825,360,subj,adult,adult_consent,,11.975383333333333,22,Confused
0.13,couch,furniture,round,big,shape,size,26,25-34,Castellano,Yes,No,Yes,Not_sure,No,Only_basic,,Chrome,Linux,825,360,subj,adult,adult_consent,,11.975383333333333,22,Confused
0.94,tomato,food,blue,plastic,color,material,27,25-34,Castellano,Yes,No,Yes,Not_sure,No,Only_basic,,Chrome,Linux,825,360,subj,adult,adult_consent,,11.975383333333333,22,Confused
0.97,couch,furniture,hard,new,texture,age,28,25-34,Castellano,Yes,No,Yes,Not_sure,No,Only_basic,,Chrome,Linux,825,360,subj,adult,adult_consent,,11.975383333333333,22,Confused
0.13,desk,furniture,plastic,new,material,age,29,25-34,Castellano,Yes,No,Yes,Not_sure,No,Only_basic,,Chrome,Linux,825,360,subj,adult,adult_consent,,11.975383333333333,22,Confused
0.96,tomato,food,bad,plastic,quality,material,30,25-34,Castellano,Yes,No,Yes,Not_sure,No,Only_basic,,Chrome,Linux,825,360,subj,adult,adult_consent,,11.975383333333333,22,Confused
0.18,banana,food,brown,square,color,shape,31,25-34,Castellano,Yes,No,Yes,Not_sure,No,Only_basic,,Chrome,Linux,825,360,subj,adult,adult_consent,,11.975383333333333,22,Confused
0.1,banana,food,wooden,new,material,age,6,18-24,Español,Yes,Yes,Yes,B2_or_higher,No,Yes_detailed,,Chrome,Linux,873,393,trad,adult,adult_consent,,11.7081,23,Yes
0.93,couch,furniture,square,hard,shape,texture,7,18-24,Español,Yes,Yes,Yes,B2_or_higher,No,Yes_detailed,,Chrome,Linux,873,393,trad,adult,adult_consent,,11.7081,23,Yes
0.05,tomato,food,yellow,round,color,shape,8,18-24,Español,Yes,Yes,Yes,B2_or_higher,No,Yes_detailed,,Chrome,Linux,873,393,trad,adult,adult_consent,,11.7081,23,Yes
0.0,banana,food,short,new,size,age,9,18-24,Español,Yes,Yes,Yes,B2_or_higher,No,Yes_detailed,,Chrome,Linux,873,393,trad,adult,adult_consent,,11.7081,23,Yes
0.05,carrot,food,metal,small,material,size,10,18-24,Español,Yes,Yes,Yes,B2_or_higher,No,Yes_detailed,,Chrome,Linux,873,393,trad,adult,adult_consent,,11.7081,23,Yes
0.91,apple,food,old,good,age,quality,11,18-24,Español,Yes,Yes,Yes,B2_or_higher,No,Yes_detailed,,Chrome,Linux,873,393,trad,adult,adult_consent,,11.7081,23,Yes
0.96,couch,furniture,smooth,tiny,texture,size,12,18-24,Español,Yes,Yes,Yes,B2_or_higher,No,Yes_detailed,,Chrome,Linux,873,393,trad,adult,adult_consent,,11.7081,23,Yes
0.93,chair,furniture,smooth,square,texture,shape,13,18-24,Español,Yes,Yes,Yes,B2_or_higher,No,Yes_detailed,,Chrome,Linux,873,393,trad,adult,adult_consent,,11.7081,23,Yes
0.98,chair,furniture,soft,old,texture,age,14,18-24,Español,Yes,Yes,Yes,B2_or_higher,No,Yes_detailed,,Chrome,Linux,873,393,trad,adult,adult_consent,,11.7081,23,Yes
0.01,carrot,food,blue,tiny,color,size,15,18-24,Español,Yes,Yes,Yes,B2_or_higher,No,Yes_detailed,,Chrome,Linux,873,393,trad,adult,adult_consent,,11.7081,23,Yes
0.09,chair,furniture,hard,fresh,texture,age,16,18-24,Español,Yes,Yes,Yes,B2_or_higher,No,Yes_detailed,,Chrome,Linux,873,393,trad,adult,adult_consent,,11.7081,23,Yes
0.92,desk,furniture,small,new,size,age,17,18-24,Español,Yes,Yes,Yes,B2_or_higher,No,Yes_detailed,,Chrome,Linux,873,393,trad,adult,adult_consent,,11.7081,23,Yes
0.06,TV,furniture,round,plastic,shape,material,18,18-24,Español,Yes,Yes,Yes,B2_or_higher,No,Yes_detailed,,Chrome,Linux,873,393,trad,adult,adult_consent,,11.7081,23,Yes
0.07,couch,furniture,brown,tiny,color,size,19,18-24,Español,Yes,Yes,Yes,B2_or_higher,No,Yes_detailed,,Chrome,Linux,873,393,trad,adult,adult_consent,,11.7081,23,Yes
0.0,chair,furniture,purple,square,color,shape,20,18-24,Español,Yes,Yes,Yes,B2_or_higher,No,Yes_detailed,,Chrome,Linux,873,393,trad,adult,adult_consent,,11.7081,23,Yes
0.09,carrot,food,plastic,smooth,material,texture,21,18-24,Español,Yes,Yes,Yes,B2_or_higher,No,Yes_detailed,,Chrome,Linux,873,393,trad,adult,adult_consent,,11.7081,23,Yes
0.07,tomato,food,metal,blue,material,color,22,18-24,Español,Yes,Yes,Yes,B2_or_higher,No,Yes_detailed,,Chrome,Linux,873,393,trad,adult,adult_consent,,11.7081,23,Yes
0.04,couch,furniture,red,round,color,shape,23,18-24,Español,Yes,Yes,Yes,B2_or_higher,No,Yes_detailed,,Chrome,Linux,873,393,trad,adult,adult_consent,,11.7081,23,Yes
0.07,tomato,food,green,huge,color,size,24,18-24,Español,Yes,Yes,Yes,B2_or_higher,No,Yes_detailed,,Chrome,Linux,873,393,trad,adult,adult_consent,,11.7081,23,Yes
0.1,carrot,food,wooden,red,material,color,25,18-24,Español,Yes,Yes,Yes,B2_or_higher,No,Yes_detailed,,Chrome,Linux,873,393,trad,adult,adult_consent,,11.7081,23,Yes
0.06,couch,furniture,green,round,color,shape,26,18-24,Español,Yes,Yes,Yes,B2_or_higher,No,Yes_detailed,,Chrome,Linux,873,393,trad,adult,adult_consent,,11.7081,23,Yes
0.96,apple,food,new,red,age,color,27,18-24,Español,Yes,Yes,Yes,B2_or_higher,No,Yes_detailed,,Chrome,Linux,873,393,trad,adult,adult_consent,,11.7081,23,Yes
0.13,desk,furniture,long,fresh,size,age,28,18-24,Español,Yes,Yes,Yes,B2_or_higher,No,Yes_detailed,,Chrome,Linux,873,393,trad,adult,adult_consent,,11.7081,23,Yes
0.06,desk,furniture,good,green,quality,color,29,18-24,Español,Yes,Yes,Yes,B2_or_higher,No,Yes_detailed,,Chrome,Linux,873,393,trad,adult,adult_consent,,11.7081,23,Yes
0.14,TV,furniture,blue,bad,color,quality,30,18-24,Español,Yes,Yes,Yes,B2_or_higher,No,Yes_detailed,,Chrome,Linux,873,393,trad,adult,adult_consent,,11.7081,23,Yes
0.04,TV,furniture,red,bad,color,quality,31,18-24,Español,Yes,Yes,Yes,B2_or_higher,No,Yes_detailed,,Chrome,Linux,873,393,trad,adult,adult_consent,,11.7081,23,Yes
0.06,couch,furniture,brown,good,color,quality,6,18-24,Español,Yes,No,Yes,A1,No,Only_basic,,Chrome,Linux,832,384,trad,adult,adult_consent,,11.2893,24,Yes
0.05,TV,furniture,wooden,green,material,color,7,18-24,Español,Yes,No,Yes,A1,No,Only_basic,,Chrome,Linux,832,384,trad,adult,adult_consent,,11.2893,24,Yes
0.97,desk,furniture,fresh,short,age,size,8,18-24,Español,Yes,No,Yes,A1,No,Only_basic,,Chrome,Linux,832,384,trad,adult,adult_consent,,11.2893,24,Yes
0.04,couch,furniture,huge,good,size,quality,9,18-24,Español,Yes,No,Yes,A1,No,Only_basic,,Chrome,Linux,832,384,trad,adult,adult_consent,,11.2893,24,Yes
0.09,carrot,food,wooden,long,material,size,10,18-24,Español,Yes,No,Yes,A1,No,Only_basic,,Chrome,Linux,832,384,trad,adult,adult_consent,,11.2893,24,Yes
0.93,apple,food,long,wooden,size,material,11,18-24,Español,Yes,No,Yes,A1,No,Only_basic,,Chrome,Linux,832,384,trad,adult,adult_consent,,11.2893,24,Yes
0.88,fan,furniture,long,green,size,color,12,18-24,Español,Yes,No,Yes,A1,No,Only_basic,,Chrome,Linux,832,384,trad,adult,adult_consent,,11.2893,24,Yes
0.91,chair,furniture,wooden,red,material,color,13,18-24,Español,Yes,No,Yes,A1,No,Only_basic,,Chrome,Linux,832,384,trad,adult,adult_consent,,11.2893,24,Yes
0.95,cheese,food,bad,brown,quality,color,14,18-24,Español,Yes,No,Yes,A1,No,Only_basic,,Chrome,Linux,832,384,trad,adult,adult_consent,,11.2893,24,Yes
0.95,TV,furniture,good,tiny,quality,size,15,18-24,Español,Yes,No,Yes,A1,No,Only_basic,,Chrome,Linux,832,384,trad,adult,adult_consent,,11.2893,24,Yes
0.03,banana,food,blue,rotten,color,age,16,18-24,Español,Yes,No,Yes,A1,No,Only_basic,,Chrome,Linux,832,384,trad,adult,adult_consent,,11.2893,24,Yes
0.1,banana,food,soft,fresh,texture,age,17,18-24,Español,Yes,No,Yes,A1,No,Only_basic,,Chrome,Linux,832,384,trad,adult,adult_consent,,11.2893,24,Yes
0.09,carrot,food,small,plastic,size,material,18,18-24,Español,Yes,No,Yes,A1,No,Only_basic,,Chrome,Linux,832,384,trad,adult,adult_consent,,11.2893,24,Yes
0.87,fan,furniture,round,green,shape,color,19,18-24,Español,Yes,No,Yes,A1,No,Only_basic,,Chrome,Linux,832,384,trad,adult,adult_consent,,11.2893,24,Yes
0.08,apple,food,big,fresh,size,age,20,18-24,Español,Yes,No,Yes,A1,No,Only_basic,,Chrome,Linux,832,384,trad,adult,adult_consent,,11.2893,24,Yes
0.11,tomato,food,red,rotten,color,age,21,18-24,Español,Yes,No,Yes,A1,No,Only_basic,,Chrome,Linux,832,384,trad,adult,adult_consent,,11.2893,24,Yes
0.99,TV,furniture,rotten,short,age,size,22,18-24,Español,Yes,No,Yes,A1,No,Only_basic,,Chrome,Linux,832,384,trad,adult,adult_consent,,11.2893,24,Yes
0.94,chair,furniture,green,soft,color,texture,23,18-24,Español,Yes,No,Yes,A1,No,Only_basic,,Chrome,Linux,832,384,trad,adult,adult_consent,,11.2893,24,Yes
0.05,banana,food,brown,huge,color,size,24,18-24,Español,Yes,No,Yes,A1,No,Only_basic,,Chrome,Linux,832,384,trad,adult,adult_consent,,11.2893,24,Yes
0.98,desk,furniture,rotten,green,age,color,25,18-24,Español,Yes,No,Yes,A1,No,Only_basic,,Chrome,Linux,832,384,trad,adult,adult_consent,,11.2893,24,Yes
0.93,banana,food,smooth,metal,texture,material,26,18-24,Español,Yes,No,Yes,A1,No,Only_basic,,Chrome,Linux,832,384,trad,adult,adult_consent,,11.2893,24,Yes
0.83,fan,furniture,blue,wooden,color,material,27,18-24,Español,Yes,No,Yes,A1,No,Only_basic,,Chrome,Linux,832,384,trad,adult,adult_consent,,11.2893,24,Yes
0.95,cheese,food,plastic,bad,material,quality,28,18-24,Español,Yes,No,Yes,A1,No,Only_basic,,Chrome,Linux,832,384,trad,adult,adult_consent,,11.2893,24,Yes
0.94,desk,furniture,wooden,rotten,material,age,29,18-24,Español,Yes,No,Yes,A1,No,Only_basic,,Chrome,Linux,832,384,trad,adult,adult_consent,,11.2893,24,Yes
0.02,TV,furniture,big,round,size,shape,30,18-24,Español,Yes,No,Yes,A1,No,Only_basic,,Chrome,Linux,832,384,trad,adult,adult_consent,,11.2893,24,Yes
0.05,banana,food,long,hard,size,texture,31,18-24,Español,Yes,No,Yes,A1,No,Only_basic,,Chrome,Linux,832,384,trad,adult,adult_consent,,11.2893,24,Yes
0.03,banana,food,wooden,square,material,shape,6,35_or_older,Español,Yes,No,Yes,A2,No,No,,Chrome,Linux,800,360,subj,adult,adult_consent,,9.80005,25,Yes
0.96,banana,food,tiny,round,size,shape,7,35_or_older,Español,Yes,No,Yes,A2,No,No,,Chrome,Linux,800,360,subj,adult,adult_consent,,9.80005,25,Yes
0.0,tomato,food,purple,bad,color,quality,8,35_or_older,Español,Yes,No,Yes,A2,No,No,,Chrome,Linux,800,360,subj,adult,adult_consent,,9.80005,25,Yes
0.92,tomato,food,round,brown,shape,color,9,35_or_older,Español,Yes,No,Yes,A2,No,No,,Chrome,Linux,800,360,subj,adult,adult_consent,,9.80005,25,Yes
0.96,cheese,food,red,huge,color,size,10,35_or_older,Español,Yes,No,Yes,A2,No,No,,Chrome,Linux,800,360,subj,adult,adult_consent,,9.80005,25,Yes
0.09,couch,furniture,plastic,small,material,size,11,35_or_older,Español,Yes,No,Yes,A2,No,No,,Chrome,Linux,800,360,subj,adult,adult_consent,,9.80005,25,Yes
0.97,couch,furniture,soft,small,texture,size,12,35_or_older,Español,Yes,No,Yes,A2,No,No,,Chrome,Linux,800,360,subj,adult,adult_consent,,9.80005,25,Yes
0.03,apple,food,round,rotten,shape,age,13,35_or_older,Español,Yes,No,Yes,A2,No,No,,Chrome,Linux,800,360,subj,adult,adult_consent,,9.80005,25,Yes
0.88,cheese,food,bad,round,quality,shape,14,35_or_older,Español,Yes,No,Yes,A2,No,No,,Chrome,Linux,800,360,subj,adult,adult_consent,,9.80005,25,Yes
0.86,carrot,food,bad,green,quality,color,15,35_or_older,Español,Yes,No,Yes,A2,No,No,,Chrome,Linux,800,360,subj,adult,adult_consent,,9.80005,25,Yes
0.94,couch,furniture,rotten,tiny,age,size,16,35_or_older,Español,Yes,No,Yes,A2,No,No,,Chrome,Linux,800,360,subj,adult,adult_consent,,9.80005,25,Yes
0.93,tomato,food,fresh,green,age,color,17,35_or_older,Español,Yes,No,Yes,A2,No,No,,Chrome,Linux,800,360,subj,adult,adult_consent,,9.80005,25,Yes
0.03,chair,furniture,soft,huge,texture,size,18,35_or_older,Español,Yes,No,Yes,A2,No,No,,Chrome,Linux,800,360,subj,adult,adult_consent,,9.80005,25,Yes
0.96,apple,food,long,blue,size,color,19,35_or_older,Español,Yes,No,Yes,A2,No,No,,Chrome,Linux,800,360,subj,adult,adult_consent,,9.80005,25,Yes
0.0,desk,furniture,square,hard,shape,texture,20,35_or_older,Español,Yes,No,Yes,A2,No,No,,Chrome,Linux,800,360,subj,adult,adult_consent,,9.80005,25,Yes
0.03,apple,food,yellow,bad,color,quality,21,35_or_older,Español,Yes,No,Yes,A2,No,No,,Chrome,Linux,800,360,subj,adult,adult_consent,,9.80005,25,Yes
0.96,apple,food,yellow,metal,color,material,22,35_or_older,Español,Yes,No,Yes,A2,No,No,,Chrome,Linux,800,360,subj,adult,adult_consent,,9.80005,25,Yes
0.03,banana,food,purple,bad,color,quality,23,35_or_older,Español,Yes,No,Yes,A2,No,No,,Chrome,Linux,800,360,subj,adult,adult_consent,,9.80005,25,Yes
0.95,couch,furniture,huge,red,size,color,24,35_or_older,Español,Yes,No,Yes,A2,No,No,,Chrome,Linux,800,360,subj,adult,adult_consent,,9.80005,25,Yes
0.96,tomato,food,new,blue,age,color,25,35_or_older,Español,Yes,No,Yes,A2,No,No,,Chrome,Linux,800,360,subj,adult,adult_consent,,9.80005,25,Yes
0.91,couch,furniture,big,rotten,size,age,26,35_or_older,Español,Yes,No,Yes,A2,No,No,,Chrome,Linux,800,360,subj,adult,adult_consent,,9.80005,25,Yes
0.03,couch,furniture,wooden,tiny,material,size,27,35_or_older,Español,Yes,No,Yes,A2,No,No,,Chrome,Linux,800,360,subj,adult,adult_consent,,9.80005,25,Yes
0.09,fan,furniture,soft,fresh,texture,age,28,35_or_older,Español,Yes,No,Yes,A2,No,No,,Chrome,Linux,800,360,subj,adult,adult_consent,,9.80005,25,Yes
0.96,couch,furniture,hard,yellow,texture,color,29,35_or_older,Español,Yes,No,Yes,A2,No,No,,Chrome,Linux,800,360,subj,adult,adult_consent,,9.80005,25,Yes
0.04,cheese,food,brown,fresh,color,age,30,35_or_older,Español,Yes,No,Yes,A2,No,No,,Chrome,Linux,800,360,subj,adult,adult_consent,,9.80005,25,Yes
0.92,cheese,food,blue,plastic,color,material,31,35_or_older,Español,Yes,No,Yes,A2,No,No,,Chrome,Linux,800,360,subj,adult,adult_consent,,9.80005,25,Yes
0.15,fan,furniture,new,red,age,color,6,25-34,Español,Yes,No,No,Not_sure,No,No,,Chrome,Linux,832,384,subj,adult,adult_consent,,10.026483333333333,26,Confused
0.74,couch,furniture,rotten,short,age,size,7,25-34,Español,Yes,No,No,Not_sure,No,No,,Chrome,Linux,832,384,subj,adult,adult_consent,,10.026483333333333,26,Confused
0.21,apple,food,smooth,round,texture,shape,8,25-34,Español,Yes,No,No,Not_sure,No,No,,Chrome,Linux,832,384,subj,adult,adult_consent,,10.026483333333333,26,Confused
0.92,tomato,food,rotten,small,age,size,9,25-34,Español,Yes,No,No,Not_sure,No,No,,Chrome,Linux,832,384,subj,adult,adult_consent,,10.026483333333333,26,Confused
0.89,couch,furniture,huge,hard,size,texture,10,25-34,Español,Yes,No,No,Not_sure,No,No,,Chrome,Linux,832,384,subj,adult,adult_consent,,10.026483333333333,26,Confused
0.86,cheese,food,red,good,color,quality,11,25-34,Español,Yes,No,No,Not_sure,No,No,,Chrome,Linux,832,384,subj,adult,adult_consent,,10.026483333333333,26,Confused
0.19,fan,furniture,huge,smooth,size,texture,12,25-34,Español,Yes,No,No,Not_sure,No,No,,Chrome,Linux,832,384,subj,adult,adult_consent,,10.026483333333333,26,Confused
0.85,cheese,food,small,rotten,size,age,13,25-34,Español,Yes,No,No,Not_sure,No,No,,Chrome,Linux,832,384,subj,adult,adult_consent,,10.026483333333333,26,Confused
0.78,cheese,food,short,good,size,quality,14,25-34,Español,Yes,No,No,Not_sure,No,No,,Chrome,Linux,832,384,subj,adult,adult_consent,,10.026483333333333,26,Confused
0.18,fan,furniture,fresh,long,age,size,15,25-34,Español,Yes,No,No,Not_sure,No,No,,Chrome,Linux,832,384,subj,adult,adult_consent,,10.026483333333333,26,Confused
0.84,cheese,food,yellow,wooden,color,material,16,25-34,Español,Yes,No,No,Not_sure,No,No,,Chrome,Linux,832,384,subj,adult,adult_consent,,10.026483333333333,26,Confused
0.9,chair,furniture,metal,huge,material,size,17,25-34,Español,Yes,No,No,Not_sure,No,No,,Chrome,Linux,832,384,subj,adult,adult_consent,,10.026483333333333,26,Confused
0.16,tomato,food,new,round,age,shape,18,25-34,Español,Yes,No,No,Not_sure,No,No,,Chrome,Linux,832,384,subj,adult,adult_consent,,10.026483333333333,26,Confused
0.18,tomato,food,blue,long,color,size,19,25-34,Español,Yes,No,No,Not_sure,No,No,,Chrome,Linux,832,384,subj,adult,adult_consent,,10.026483333333333,26,Confused
0.89,carrot,food,long,square,size,shape,20,25-34,Español,Yes,No,No,Not_sure,No,No,,Chrome,Linux,832,384,subj,adult,adult_consent,,10.026483333333333,26,Confused
0.84,desk,furniture,rotten,yellow,age,color,21,25-34,Español,Yes,No,No,Not_sure,No,No,,Chrome,Linux,832,384,subj,adult,adult_consent,,10.026483333333333,26,Confused
0.87,tomato,food,hard,brown,texture,color,22,25-34,Español,Yes,No,No,Not_sure,No,No,,Chrome,Linux,832,384,subj,adult,adult_consent,,10.026483333333333,26,Confused
0.87,carrot,food,huge,metal,size,material,23,25-34,Español,Yes,No,No,Not_sure,No,No,,Chrome,Linux,832,384,subj,adult,adult_consent,,10.026483333333333,26,Confused
0.84,apple,food,plastic,old,material,age,24,25-34,Español,Yes,No,No,Not_sure,No,No,,Chrome,Linux,832,384,subj,adult,adult_consent,,10.026483333333333,26,Confused
0.8,carrot,food,hard,bad,texture,quality,25,25-34,Español,Yes,No,No,Not_sure,No,No,,Chrome,Linux,832,384,subj,adult,adult_consent,,10.026483333333333,26,Confused
0.85,apple,food,rotten,hard,age,texture,26,25-34,Español,Yes,No,No,Not_sure,No,No,,Chrome,Linux,832,384,subj,adult,adult_consent,,10.026483333333333,26,Confused
0.84,chair,furniture,red,fresh,color,age,27,25-34,Español,Yes,No,No,Not_sure,No,No,,Chrome,Linux,832,384,subj,adult,adult_consent,,10.026483333333333,26,Confused
0.99,tomato,food,long,good,size,quality,28,25-34,Español,Yes,No,No,Not_sure,No,No,,Chrome,Linux,832,384,subj,adult,adult_consent,,10.026483333333333,26,Confused
0.04,chair,furniture,tiny,metal,size,material,29,25-34,Español,Yes,No,No,Not_sure,No,No,,Chrome,Linux,832,384,subj,adult,adult_consent,,10.026483333333333,26,Confused
0.88,carrot,food,purple,old,color,age,30,25-34,Español,Yes,No,No,Not_sure,No,No,,Chrome,Linux,832,384,subj,adult,adult_consent,,10.026483333333333,26,Confused
0.78,couch,furniture,wooden,new,material,age,31,25-34,Español,Yes,No,No,Not_sure,No,No,,Chrome,Linux,832,384,subj,adult,adult_consent,,10.026483333333333,26,Confused
0.92,tomato,food,small,yellow,size,color,6,25-34,Español,Yes,Yes,Yes,A2,No,Only_basic,,Safari,iPhone/iPod,852,393,subj,adult,adult_consent,,10.810016666666666,27,Yes
0.08,desk,furniture,brown,huge,color,size,7,25-34,Español,Yes,Yes,Yes,A2,No,Only_basic,,Safari,iPhone/iPod,852,393,subj,adult,adult_consent,,10.810016666666666,27,Yes
0.11,cheese,food,brown,short,color,size,8,25-34,Español,Yes,Yes,Yes,A2,No,Only_basic,,Safari,iPhone/iPod,852,393,subj,adult,adult_consent,,10.810016666666666,27,Yes
0.05,apple,food,big,hard,size,texture,9,25-34,Español,Yes,Yes,Yes,A2,No,Only_basic,,Safari,iPhone/iPod,852,393,subj,adult,adult_consent,,10.810016666666666,27,Yes
0.09,apple,food,blue,soft,color,texture,10,25-34,Español,Yes,Yes,Yes,A2,No,Only_basic,,Safari,iPhone/iPod,852,393,subj,adult,adult_consent,,10.810016666666666,27,Yes
0.77,cheese,food,square,hard,shape,texture,11,25-34,Español,Yes,Yes,Yes,A2,No,Only_basic,,Safari,iPhone/iPod,852,393,subj,adult,adult_consent,,10.810016666666666,27,Yes
0.28,carrot,food,purple,hard,color,texture,12,25-34,Español,Yes,Yes,Yes,A2,No,Only_basic,,Safari,iPhone/iPod,852,393,subj,adult,adult_consent,,10.810016666666666,27,Yes
0.93,TV,furniture,fresh,yellow,age,color,13,25-34,Español,Yes,Yes,Yes,A2,No,Only_basic,,Safari,iPhone/iPod,852,393,subj,adult,adult_consent,,10.810016666666666,27,Yes
0.18,couch,furniture,long,good,size,quality,14,25-34,Español,Yes,Yes,Yes,A2,No,Only_basic,,Safari,iPhone/iPod,852,393,subj,adult,adult_consent,,10.810016666666666,27,Yes
0.02,carrot,food,plastic,good,material,quality,15,25-34,Español,Yes,Yes,Yes,A2,No,Only_basic,,Safari,iPhone/iPod,852,393,subj,adult,adult_consent,,10.810016666666666,27,Yes
0.19,desk,furniture,long,new,size,age,16,25-34,Español,Yes,Yes,Yes,A2,No,Only_basic,,Safari,iPhone/iPod,852,393,subj,adult,adult_consent,,10.810016666666666,27,Yes
0.09,cheese,food,old,wooden,age,material,17,25-34,Español,Yes,Yes,Yes,A2,No,Only_basic,,Safari,iPhone/iPod,852,393,subj,adult,adult_consent,,10.810016666666666,27,Yes
0.95,cheese,food,rotten,green,age,color,18,25-34,Español,Yes,Yes,Yes,A2,No,Only_basic,,Safari,iPhone/iPod,852,393,subj,adult,adult_consent,,10.810016666666666,27,Yes
0.85,chair,furniture,smooth,yellow,texture,color,19,25-34,Español,Yes,Yes,Yes,A2,No,Only_basic,,Safari,iPhone/iPod,852,393,subj,adult,adult_consent,,10.810016666666666,27,Yes
0.86,TV,furniture,new,big,age,size,20,25-34,Español,Yes,Yes,Yes,A2,No,Only_basic,,Safari,iPhone/iPod,852,393,subj,adult,adult_consent,,10.810016666666666,27,Yes
0.8,desk,furniture,smooth,yellow,texture,color,21,25-34,Español,Yes,Yes,Yes,A2,No,Only_basic,,Safari,iPhone/iPod,852,393,subj,adult,adult_consent,,10.810016666666666,27,Yes
0.7,cheese,food,green,big,color,size,22,25-34,Español,Yes,Yes,Yes,A2,No,Only_basic,,Safari,iPhone/iPod,852,393,subj,adult,adult_consent,,10.810016666666666,27,Yes
0.78,fan,furniture,fresh,bad,age,quality,23,25-34,Español,Yes,Yes,Yes,A2,No,Only_basic,,Safari,iPhone/iPod,852,393,subj,adult,adult_consent,,10.810016666666666,27,Yes
0.92,couch,furniture,square,green,shape,color,24,25-34,Español,Yes,Yes,Yes,A2,No,Only_basic,,Safari,iPhone/iPod,852,393,subj,adult,adult_consent,,10.810016666666666,27,Yes
0.12,TV,furniture,tiny,blue,size,color,25,25-34,Español,Yes,Yes,Yes,A2,No,Only_basic,,Safari,iPhone/iPod,852,393,subj,adult,adult_consent,,10.810016666666666,27,Yes
0.12,couch,furniture,red,bad,color,quality,26,25-34,Español,Yes,Yes,Yes,A2,No,Only_basic,,Safari,iPhone/iPod,852,393,subj,adult,adult_consent,,10.810016666666666,27,Yes
0.07,cheese,food,old,yellow,age,color,27,25-34,Español,Yes,Yes,Yes,A2,No,Only_basic,,Safari,iPhone/iPod,852,393,subj,adult,adult_consent,,10.810016666666666,27,Yes
0.72,banana,food,big,blue,size,color,28,25-34,Español,Yes,Yes,Yes,A2,No,Only_basic,,Safari,iPhone/iPod,852,393,subj,adult,adult_consent,,10.810016666666666,27,Yes
0.18,tomato,food,soft,short,texture,size,29,25-34,Español,Yes,Yes,Yes,A2,No,Only_basic,,Safari,iPhone/iPod,852,393,subj,adult,adult_consent,,10.810016666666666,27,Yes
0.94,desk,furniture,small,smooth,size,texture,30,25-34,Español,Yes,Yes,Yes,A2,No,Only_basic,,Safari,iPhone/iPod,852,393,subj,adult,adult_consent,,10.810016666666666,27,Yes
0.99,tomato,food,plastic,smooth,material,texture,31,25-34,Español,Yes,Yes,Yes,A2,No,Only_basic,,Safari,iPhone/iPod,852,393,subj,adult,adult_consent,,10.810016666666666,27,Yes
0.93,tomato,food,bad,old,quality,age,6,25-34,Español,Yes,No,No,Not_sure,No,Not_sure,,Chrome,Linux,915,412,trad,adult,adult_consent,,18.76105,28,Yes
0.91,TV,furniture,huge,hard,size,texture,7,25-34,Español,Yes,No,No,Not_sure,No,Not_sure,,Chrome,Linux,915,412,trad,adult,adult_consent,,18.76105,28,Yes
0.03,desk,furniture,big,soft,size,texture,8,25-34,Español,Yes,No,No,Not_sure,No,Not_sure,,Chrome,Linux,915,412,trad,adult,adult_consent,,18.76105,28,Yes
0.96,desk,furniture,metal,square,material,shape,9,25-34,Español,Yes,No,No,Not_sure,No,Not_sure,,Chrome,Linux,915,412,trad,adult,adult_consent,,18.76105,28,Yes
0.97,TV,furniture,brown,square,color,shape,10,25-34,Español,Yes,No,No,Not_sure,No,Not_sure,,Chrome,Linux,915,412,trad,adult,adult_consent,,18.76105,28,Yes
0.05,carrot,food,big,purple,size,color,11,25-34,Español,Yes,No,No,Not_sure,No,Not_sure,,Chrome,Linux,915,412,trad,adult,adult_consent,,18.76105,28,Yes
0.03,fan,furniture,brown,big,color,size,12,25-34,Español,Yes,No,No,Not_sure,No,Not_sure,,Chrome,Linux,915,412,trad,adult,adult_consent,,18.76105,28,Yes
0.96,fan,furniture,bad,wooden,quality,material,13,25-34,Español,Yes,No,No,Not_sure,No,Not_sure,,Chrome,Linux,915,412,trad,adult,adult_consent,,18.76105,28,Yes
0.05,couch,furniture,small,smooth,size,texture,14,25-34,Español,Yes,No,No,Not_sure,No,Not_sure,,Chrome,Linux,915,412,trad,adult,adult_consent,,18.76105,28,Yes
0.93,TV,furniture,short,new,size,age,15,25-34,Español,Yes,No,No,Not_sure,No,Not_sure,,Chrome,Linux,915,412,trad,adult,adult_consent,,18.76105,28,Yes
0.02,desk,furniture,big,new,size,age,16,25-34,Español,Yes,No,No,Not_sure,No,Not_sure,,Chrome,Linux,915,412,trad,adult,adult_consent,,18.76105,28,Yes
0.87,chair,furniture,smooth,old,texture,age,17,25-34,Español,Yes,No,No,Not_sure,No,Not_sure,,Chrome,Linux,915,412,trad,adult,adult_consent,,18.76105,28,Yes
0.9,desk,furniture,metal,round,material,shape,18,25-34,Español,Yes,No,No,Not_sure,No,Not_sure,,Chrome,Linux,915,412,trad,adult,adult_consent,,18.76105,28,Yes
0.91,apple,food,small,rotten,size,age,19,25-34,Español,Yes,No,No,Not_sure,No,Not_sure,,Chrome,Linux,915,412,trad,adult,adult_consent,,18.76105,28,Yes
0.04,chair,furniture,yellow,fresh,color,age,20,25-34,Español,Yes,No,No,Not_sure,No,Not_sure,,Chrome,Linux,915,412,trad,adult,adult_consent,,18.76105,28,Yes
0.04,cheese,food,metal,good,material,quality,21,25-34,Español,Yes,No,No,Not_sure,No,Not_sure,,Chrome,Linux,915,412,trad,adult,adult_consent,,18.76105,28,Yes
0.06,tomato,food,round,plastic,shape,material,22,25-34,Español,Yes,No,No,Not_sure,No,Not_sure,,Chrome,Linux,915,412,trad,adult,adult_consent,,18.76105,28,Yes
0.03,TV,furniture,plastic,soft,material,texture,23,25-34,Español,Yes,No,No,Not_sure,No,Not_sure,,Chrome,Linux,915,412,trad,adult,adult_consent,,18.76105,28,Yes
0.93,apple,food,hard,small,texture,size,24,25-34,Español,Yes,No,No,Not_sure,No,Not_sure,,Chrome,Linux,915,412,trad,adult,adult_consent,,18.76105,28,Yes
0.9,couch,furniture,square,green,shape,color,25,25-34,Español,Yes,No,No,Not_sure,No,Not_sure,,Chrome,Linux,915,412,trad,adult,adult_consent,,18.76105,28,Yes
0.95,desk,furniture,fresh,bad,age,quality,26,25-34,Español,Yes,No,No,Not_sure,No,Not_sure,,Chrome,Linux,915,412,trad,adult,adult_consent,,18.76105,28,Yes
0.92,chair,furniture,small,bad,size,quality,27,25-34,Español,Yes,No,No,Not_sure,No,Not_sure,,Chrome,Linux,915,412,trad,adult,adult_consent,,18.76105,28,Yes
0.01,chair,furniture,short,smooth,size,texture,28,25-34,Español,Yes,No,No,Not_sure,No,Not_sure,,Chrome,Linux,915,412,trad,adult,adult_consent,,18.76105,28,Yes
0.04,desk,furniture,smooth,blue,texture,color,29,25-34,Español,Yes,No,No,Not_sure,No,Not_sure,,Chrome,Linux,915,412,trad,adult,adult_consent,,18.76105,28,Yes
0.93,desk,furniture,bad,round,quality,shape,30,25-34,Español,Yes,No,No,Not_sure,No,Not_sure,,Chrome,Linux,915,412,trad,adult,adult_consent,,18.76105,28,Yes
0.07,chair,furniture,red,bad,color,quality,31,25-34,Español,Yes,No,No,Not_sure,No,Not_sure,,Chrome,Linux,915,412,trad,adult,adult_consent,,18.76105,28,Yes
0.0,banana,food,yellow,huge,color,size,6,25-34,Español,Yes,No,No,Not_sure,No,No,,Chrome,Linux,915,412,subj,adult,adult_consent,,15.523033333333334,29,Yes
0.94,fan,furniture,fresh,brown,age,color,7,25-34,Español,Yes,No,No,Not_sure,No,No,,Chrome,Linux,915,412,subj,adult,adult_consent,,15.523033333333334,29,Yes
0.98,TV,furniture,new,round,age,shape,8,25-34,Español,Yes,No,No,Not_sure,No,No,,Chrome,Linux,915,412,subj,adult,adult_consent,,15.523033333333334,29,Yes
0.98,carrot,food,fresh,bad,age,quality,9,25-34,Español,Yes,No,No,Not_sure,No,No,,Chrome,Linux,915,412,subj,adult,adult_consent,,15.523033333333334,29,Yes
0.93,cheese,food,soft,metal,texture,material,10,25-34,Español,Yes,No,No,Not_sure,No,No,,Chrome,Linux,915,412,subj,adult,adult_consent,,15.523033333333334,29,Yes
0.02,desk,furniture,green,hard,color,texture,11,25-34,Español,Yes,No,No,Not_sure,No,No,,Chrome,Linux,915,412,subj,adult,adult_consent,,15.523033333333334,29,Yes
0.01,carrot,food,bad,fresh,quality,age,12,25-34,Español,Yes,No,No,Not_sure,No,No,,Chrome,Linux,915,412,subj,adult,adult_consent,,15.523033333333334,29,Yes
0.93,banana,food,new,yellow,age,color,13,25-34,Español,Yes,No,No,Not_sure,No,No,,Chrome,Linux,915,412,subj,adult,adult_consent,,15.523033333333334,29,Yes
0.05,apple,food,metal,round,material,shape,14,25-34,Español,Yes,No,No,Not_sure,No,No,,Chrome,Linux,915,412,subj,adult,adult_consent,,15.523033333333334,29,Yes
0.94,desk,furniture,bad,red,quality,color,15,25-34,Español,Yes,No,No,Not_sure,No,No,,Chrome,Linux,915,412,subj,adult,adult_consent,,15.523033333333334,29,Yes
0.91,carrot,food,square,bad,shape,quality,16,25-34,Español,Yes,No,No,Not_sure,No,No,,Chrome,Linux,915,412,subj,adult,adult_consent,,15.523033333333334,29,Yes
0.93,fan,furniture,old,red,age,color,17,25-34,Español,Yes,No,No,Not_sure,No,No,,Chrome,Linux,915,412,subj,adult,adult_consent,,15.523033333333334,29,Yes
0.01,apple,food,blue,tiny,color,size,18,25-34,Español,Yes,No,No,Not_sure,No,No,,Chrome,Linux,915,412,subj,adult,adult_consent,,15.523033333333334,29,Yes
0.94,desk,furniture,plastic,big,material,size,19,25-34,Español,Yes,No,No,Not_sure,No,No,,Chrome,Linux,915,412,subj,adult,adult_consent,,15.523033333333334,29,Yes
0.93,chair,furniture,small,yellow,size,color,20,25-34,Español,Yes,No,No,Not_sure,No,No,,Chrome,Linux,915,412,subj,adult,adult_consent,,15.523033333333334,29,Yes
0.0,banana,food,red,plastic,color,material,21,25-34,Español,Yes,No,No,Not_sure,No,No,,Chrome,Linux,915,412,subj,adult,adult_consent,,15.523033333333334,29,Yes
0.93,chair,furniture,fresh,purple,age,color,22,25-34,Español,Yes,No,No,Not_sure,No,No,,Chrome,Linux,915,412,subj,adult,adult_consent,,15.523033333333334,29,Yes
0.96,carrot,food,metal,red,material,color,23,25-34,Español,Yes,No,No,Not_sure,No,No,,Chrome,Linux,915,412,subj,adult,adult_consent,,15.523033333333334,29,Yes
0.01,tomato,food,green,fresh,color,age,24,25-34,Español,Yes,No,No,Not_sure,No,No,,Chrome,Linux,915,412,subj,adult,adult_consent,,15.523033333333334,29,Yes
0.04,apple,food,good,old,quality,age,25,25-34,Español,Yes,No,No,Not_sure,No,No,,Chrome,Linux,915,412,subj,adult,adult_consent,,15.523033333333334,29,Yes
0.9,carrot,food,small,old,size,age,26,25-34,Español,Yes,No,No,Not_sure,No,No,,Chrome,Linux,915,412,subj,adult,adult_consent,,15.523033333333334,29,Yes
0.05,carrot,food,short,square,size,shape,27,25-34,Español,Yes,No,No,Not_sure,No,No,,Chrome,Linux,915,412,subj,adult,adult_consent,,15.523033333333334,29,Yes
0.98,banana,food,small,green,size,color,28,25-34,Español,Yes,No,No,Not_sure,No,No,,Chrome,Linux,915,412,subj,adult,adult_consent,,15.523033333333334,29,Yes
0.92,tomato,food,good,green,quality,color,29,25-34,Español,Yes,No,No,Not_sure,No,No,,Chrome,Linux,915,412,subj,adult,adult_consent,,15.523033333333334,29,Yes
0.98,apple,food,small,smooth,size,texture,30,25-34,Español,Yes,No,No,Not_sure,No,No,,Chrome,Linux,915,412,subj,adult,adult_consent,,15.523033333333334,29,Yes
0.02,cheese,food,soft,old,texture,age,31,25-34,Español,Yes,No,No,Not_sure,No,No,,Chrome,Linux,915,412,subj,adult,adult_consent,,15.523033333333334,29,Yes
0.03,carrot,food,brown,old,color,age,6,35_or_older,Español,Yes,No,Yes,A1,No,No,,Chrome,Linux,904,407,trad,adult,adult_consent,,10.869166666666667,30,Confused
0.92,banana,food,bad,blue,quality,color,7,35_or_older,Español,Yes,No,Yes,A1,No,No,,Chrome,Linux,904,407,trad,adult,adult_consent,,10.869166666666667,30,Confused
0.92,chair,furniture,good,old,quality,age,8,35_or_older,Español,Yes,No,Yes,A1,No,No,,Chrome,Linux,904,407,trad,adult,adult_consent,,10.869166666666667,30,Confused
0.08,cheese,food,plastic,soft,material,texture,9,35_or_older,Español,Yes,No,Yes,A1,No,No,,Chrome,Linux,904,407,trad,adult,adult_consent,,10.869166666666667,30,Confused
0.95,carrot,food,soft,metal,texture,material,10,35_or_older,Español,Yes,No,Yes,A1,No,No,,Chrome,Linux,904,407,trad,adult,adult_consent,,10.869166666666667,30,Confused
0.03,tomato,food,round,big,shape,size,11,35_or_older,Español,Yes,No,Yes,A1,No,No,,Chrome,Linux,904,407,trad,adult,adult_consent,,10.869166666666667,30,Confused
0.03,tomato,food,new,bad,age,quality,12,35_or_older,Español,Yes,No,Yes,A1,No,No,,Chrome,Linux,904,407,trad,adult,adult_consent,,10.869166666666667,30,Confused
0.94,cheese,food,hard,wooden,texture,material,13,35_or_older,Español,Yes,No,Yes,A1,No,No,,Chrome,Linux,904,407,trad,adult,adult_consent,,10.869166666666667,30,Confused
0.91,banana,food,big,square,size,shape,14,35_or_older,Español,Yes,No,Yes,A1,No,No,,Chrome,Linux,904,407,trad,adult,adult_consent,,10.869166666666667,30,Confused
0.09,TV,furniture,plastic,purple,material,color,15,35_or_older,Español,Yes,No,Yes,A1,No,No,,Chrome,Linux,904,407,trad,adult,adult_consent,,10.869166666666667,30,Confused
0.03,chair,furniture,brown,hard,color,texture,16,35_or_older,Español,Yes,No,Yes,A1,No,No,,Chrome,Linux,904,407,trad,adult,adult_consent,,10.869166666666667,30,Confused
0.04,chair,furniture,wooden,smooth,material,texture,17,35_or_older,Español,Yes,No,Yes,A1,No,No,,Chrome,Linux,904,407,trad,adult,adult_consent,,10.869166666666667,30,Confused
0.96,tomato,food,long,rotten,size,age,18,35_or_older,Español,Yes,No,Yes,A1,No,No,,Chrome,Linux,904,407,trad,adult,adult_consent,,10.869166666666667,30,Confused
0.02,carrot,food,soft,bad,texture,quality,19,35_or_older,Español,Yes,No,Yes,A1,No,No,,Chrome,Linux,904,407,trad,adult,adult_consent,,10.869166666666667,30,Confused
0.02,couch,furniture,round,short,shape,size,20,35_or_older,Español,Yes,No,Yes,A1,No,No,,Chrome,Linux,904,407,trad,adult,adult_consent,,10.869166666666667,30,Confused
0.07,cheese,food,huge,soft,size,texture,21,35_or_older,Español,Yes,No,Yes,A1,No,No,,Chrome,Linux,904,407,trad,adult,adult_consent,,10.869166666666667,30,Confused
0.02,carrot,food,square,new,shape,age,22,35_or_older,Español,Yes,No,Yes,A1,No,No,,Chrome,Linux,904,407,trad,adult,adult_consent,,10.869166666666667,30,Confused
0.02,couch,furniture,yellow,square,color,shape,23,35_or_older,Español,Yes,No,Yes,A1,No,No,,Chrome,Linux,904,407,trad,adult,adult_consent,,10.869166666666667,30,Confused
0.03,couch,furniture,yellow,big,color,size,24,35_or_older,Español,Yes,No,Yes,A1,No,No,,Chrome,Linux,904,407,trad,adult,adult_consent,,10.869166666666667,30,Confused
0.93,chair,furniture,good,brown,quality,color,25,35_or_older,Español,Yes,No,Yes,A1,No,No,,Chrome,Linux,904,407,trad,adult,adult_consent,,10.869166666666667,30,Confused
0.96,couch,furniture,square,blue,shape,color,26,35_or_older,Español,Yes,No,Yes,A1,No,No,,Chrome,Linux,904,407,trad,adult,adult_consent,,10.869166666666667,30,Confused
0.04,fan,furniture,green,soft,color,texture,27,35_or_older,Español,Yes,No,Yes,A1,No,No,,Chrome,Linux,904,407,trad,adult,adult_consent,,10.869166666666667,30,Confused
0.02,tomato,food,red,bad,color,quality,28,35_or_older,Español,Yes,No,Yes,A1,No,No,,Chrome,Linux,904,407,trad,adult,adult_consent,,10.869166666666667,30,Confused
0.02,apple,food,brown,big,color,size,29,35_or_older,Español,Yes,No,Yes,A1,No,No,,Chrome,Linux,904,407,trad,adult,adult_consent,,10.869166666666667,30,Confused
0.98,apple,food,long,wooden,size,material,30,35_or_older,Español,Yes,No,Yes,A1,No,No,,Chrome,Linux,904,407,trad,adult,adult_consent,,10.869166666666667,30,Confused
0.93,carrot,food,new,small,age,size,31,35_or_older,Español,Yes,No,Yes,A1,No,No,,Chrome,Linux,904,407,trad,adult,adult_consent,,10.869166666666667,30,Confused
0.91,carrot,food,red,wooden,color,material,6,18-24,Español,Yes,Yes,Yes,Not_sure,No,Only_basic,,Chrome,Linux,820,360,subj,adult,adult_consent,,26.83555,31,Yes
0.94,banana,food,smooth,wooden,texture,material,7,18-24,Español,Yes,Yes,Yes,Not_sure,No,Only_basic,,Chrome,Linux,820,360,subj,adult,adult_consent,,26.83555,31,Yes
0.02,apple,food,short,fresh,size,age,8,18-24,Español,Yes,Yes,Yes,Not_sure,No,Only_basic,,Chrome,Linux,820,360,subj,adult,adult_consent,,26.83555,31,Yes
0.88,chair,furniture,red,metal,color,material,9,18-24,Español,Yes,Yes,Yes,Not_sure,No,Only_basic,,Chrome,Linux,820,360,subj,adult,adult_consent,,26.83555,31,Yes
0.04,fan,furniture,fresh,soft,age,texture,10,18-24,Español,Yes,Yes,Yes,Not_sure,No,Only_basic,,Chrome,Linux,820,360,subj,adult,adult_consent,,26.83555,31,Yes
0.91,tomato,food,green,metal,color,material,11,18-24,Español,Yes,Yes,Yes,Not_sure,No,Only_basic,,Chrome,Linux,820,360,subj,adult,adult_consent,,26.83555,31,Yes
0.91,TV,furniture,smooth,blue,texture,color,12,18-24,Español,Yes,Yes,Yes,Not_sure,No,Only_basic,,Chrome,Linux,820,360,subj,adult,adult_consent,,26.83555,31,Yes
0.94,chair,furniture,bad,long,quality,size,13,18-24,Español,Yes,Yes,Yes,Not_sure,No,Only_basic,,Chrome,Linux,820,360,subj,adult,adult_consent,,26.83555,31,Yes
0.06,couch,furniture,round,fresh,shape,age,14,18-24,Español,Yes,Yes,Yes,Not_sure,No,Only_basic,,Chrome,Linux,820,360,subj,adult,adult_consent,,26.83555,31,Yes
0.94,tomato,food,fresh,brown,age,color,15,18-24,Español,Yes,Yes,Yes,Not_sure,No,Only_basic,,Chrome,Linux,820,360,subj,adult,adult_consent,,26.83555,31,Yes
0.03,cheese,food,purple,short,color,size,16,18-24,Español,Yes,Yes,Yes,Not_sure,No,Only_basic,,Chrome,Linux,820,360,subj,adult,adult_consent,,26.83555,31,Yes
0.92,cheese,food,small,brown,size,color,17,18-24,Español,Yes,Yes,Yes,Not_sure,No,Only_basic,,Chrome,Linux,820,360,subj,adult,adult_consent,,26.83555,31,Yes
0.93,carrot,food,fresh,plastic,age,material,18,18-24,Español,Yes,Yes,Yes,Not_sure,No,Only_basic,,Chrome,Linux,820,360,subj,adult,adult_consent,,26.83555,31,Yes
0.93,carrot,food,red,wooden,color,material,19,18-24,Español,Yes,Yes,Yes,Not_sure,No,Only_basic,,Chrome,Linux,820,360,subj,adult,adult_consent,,26.83555,31,Yes
0.99,chair,furniture,bad,tiny,quality,size,20,18-24,Español,Yes,Yes,Yes,Not_sure,No,Only_basic,,Chrome,Linux,820,360,subj,adult,adult_consent,,26.83555,31,Yes
0.96,banana,food,long,smooth,size,texture,21,18-24,Español,Yes,Yes,Yes,Not_sure,No,Only_basic,,Chrome,Linux,820,360,subj,adult,adult_consent,,26.83555,31,Yes
0.04,banana,food,green,new,color,age,22,18-24,Español,Yes,Yes,Yes,Not_sure,No,Only_basic,,Chrome,Linux,820,360,subj,adult,adult_consent,,26.83555,31,Yes
0.04,carrot,food,tiny,bad,size,quality,23,18-24,Español,Yes,Yes,Yes,Not_sure,No,Only_basic,,Chrome,Linux,820,360,subj,adult,adult_consent,,26.83555,31,Yes
0.93,tomato,food,hard,rotten,texture,age,24,18-24,Español,Yes,Yes,Yes,Not_sure,No,Only_basic,,Chrome,Linux,820,360,subj,adult,adult_consent,,26.83555,31,Yes
0.06,apple,food,yellow,square,color,shape,25,18-24,Español,Yes,Yes,Yes,Not_sure,No,Only_basic,,Chrome,Linux,820,360,subj,adult,adult_consent,,26.83555,31,Yes
0.93,TV,furniture,soft,red,texture,color,26,18-24,Español,Yes,Yes,Yes,Not_sure,No,Only_basic,,Chrome,Linux,820,360,subj,adult,adult_consent,,26.83555,31,Yes
0.02,couch,furniture,blue,fresh,color,age,27,18-24,Español,Yes,Yes,Yes,Not_sure,No,Only_basic,,Chrome,Linux,820,360,subj,adult,adult_consent,,26.83555,31,Yes
0.07,banana,food,red,big,color,size,28,18-24,Español,Yes,Yes,Yes,Not_sure,No,Only_basic,,Chrome,Linux,820,360,subj,adult,adult_consent,,26.83555,31,Yes
0.01,desk,furniture,wooden,blue,material,color,29,18-24,Español,Yes,Yes,Yes,Not_sure,No,Only_basic,,Chrome,Linux,820,360,subj,adult,adult_consent,,26.83555,31,Yes
0.94,couch,furniture,smooth,red,texture,color,30,18-24,Español,Yes,Yes,Yes,Not_sure,No,Only_basic,,Chrome,Linux,820,360,subj,adult,adult_consent,,26.83555,31,Yes
0.96,chair,furniture,rotten,brown,age,color,31,18-24,Español,Yes,Yes,Yes,Not_sure,No,Only_basic,,Chrome,Linux,820,360,subj,adult,adult_consent,,26.83555,31,Yes
0.06,carrot,food,round,big,shape,size,6,35_or_older,Español,Yes,No,Yes,A2,No,No,,Chrome,Linux,712,320,trad,adult,adult_consent,,8.59645,32,Yes
0.1,apple,food,rotten,smooth,age,texture,7,35_or_older,Español,Yes,No,Yes,A2,No,No,,Chrome,Linux,712,320,trad,adult,adult_consent,,8.59645,32,Yes
0.92,chair,furniture,small,rotten,size,age,8,35_or_older,Español,Yes,No,Yes,A2,No,No,,Chrome,Linux,712,320,trad,adult,adult_consent,,8.59645,32,Yes
0.87,chair,furniture,smooth,metal,texture,material,9,35_or_older,Español,Yes,No,Yes,A2,No,No,,Chrome,Linux,712,320,trad,adult,adult_consent,,8.59645,32,Yes
0.88,TV,furniture,huge,new,size,age,10,35_or_older,Español,Yes,No,Yes,A2,No,No,,Chrome,Linux,712,320,trad,adult,adult_consent,,8.59645,32,Yes
0.91,cheese,food,rotten,long,age,size,11,35_or_older,Español,Yes,No,Yes,A2,No,No,,Chrome,Linux,712,320,trad,adult,adult_consent,,8.59645,32,Yes
0.1,cheese,food,square,hard,shape,texture,12,35_or_older,Español,Yes,No,Yes,A2,No,No,,Chrome,Linux,712,320,trad,adult,adult_consent,,8.59645,32,Yes
0.9,banana,food,long,metal,size,material,13,35_or_older,Español,Yes,No,Yes,A2,No,No,,Chrome,Linux,712,320,trad,adult,adult_consent,,8.59645,32,Yes
0.03,apple,food,fresh,tiny,age,size,14,35_or_older,Español,Yes,No,Yes,A2,No,No,,Chrome,Linux,712,320,trad,adult,adult_consent,,8.59645,32,Yes
0.03,tomato,food,red,hard,color,texture,15,35_or_older,Español,Yes,No,Yes,A2,No,No,,Chrome,Linux,712,320,trad,adult,adult_consent,,8.59645,32,Yes
0.91,TV,furniture,smooth,rotten,texture,age,16,35_or_older,Español,Yes,No,Yes,A2,No,No,,Chrome,Linux,712,320,trad,adult,adult_consent,,8.59645,32,Yes
0.88,carrot,food,tiny,green,size,color,17,35_or_older,Español,Yes,No,Yes,A2,No,No,,Chrome,Linux,712,320,trad,adult,adult_consent,,8.59645,32,Yes
0.05,couch,furniture,soft,bad,texture,quality,18,35_or_older,Español,Yes,No,Yes,A2,No,No,,Chrome,Linux,712,320,trad,adult,adult_consent,,8.59645,32,Yes
0.03,TV,furniture,blue,rotten,color,age,19,35_or_older,Español,Yes,No,Yes,A2,No,No,,Chrome,Linux,712,320,trad,adult,adult_consent,,8.59645,32,Yes
0.02,banana,food,brown,new,color,age,20,35_or_older,Español,Yes,No,Yes,A2,No,No,,Chrome,Linux,712,320,trad,adult,adult_consent,,8.59645,32,Yes
0.87,banana,food,purple,rotten,color,age,21,35_or_older,Español,Yes,No,Yes,A2,No,No,,Chrome,Linux,712,320,trad,adult,adult_consent,,8.59645,32,Yes
0.1,couch,furniture,long,soft,size,texture,22,35_or_older,Español,Yes,No,Yes,A2,No,No,,Chrome,Linux,712,320,trad,adult,adult_consent,,8.59645,32,Yes
0.04,desk,furniture,metal,huge,material,size,23,35_or_older,Español,Yes,No,Yes,A2,No,No,,Chrome,Linux,712,320,trad,adult,adult_consent,,8.59645,32,Yes
0.1,carrot,food,yellow,fresh,color,age,24,35_or_older,Español,Yes,No,Yes,A2,No,No,,Chrome,Linux,712,320,trad,adult,adult_consent,,8.59645,32,Yes
0.91,carrot,food,brown,long,color,size,25,35_or_older,Español,Yes,No,Yes,A2,No,No,,Chrome,Linux,712,320,trad,adult,adult_consent,,8.59645,32,Yes
0.04,couch,furniture,square,small,shape,size,26,35_or_older,Español,Yes,No,Yes,A2,No,No,,Chrome,Linux,712,320,trad,adult,adult_consent,,8.59645,32,Yes
0.92,banana,food,rotten,blue,age,color,27,35_or_older,Español,Yes,No,Yes,A2,No,No,,Chrome,Linux,712,320,trad,adult,adult_consent,,8.59645,32,Yes
0.03,apple,food,green,short,color,size,28,35_or_older,Español,Yes,No,Yes,A2,No,No,,Chrome,Linux,712,320,trad,adult,adult_consent,,8.59645,32,Yes
0.94,banana,food,soft,new,texture,age,29,35_or_older,Español,Yes,No,Yes,A2,No,No,,Chrome,Linux,712,320,trad,adult,adult_consent,,8.59645,32,Yes
0.05,cheese,food,blue,big,color,size,30,35_or_older,Español,Yes,No,Yes,A2,No,No,,Chrome,Linux,712,320,trad,adult,adult_consent,,8.59645,32,Yes
0.02,chair,furniture,wooden,brown,material,color,31,35_or_older,Español,Yes,No,Yes,A2,No,No,,Chrome,Linux,712,320,trad,adult,adult_consent,,8.59645,32,Yes
0.01,TV,furniture,plastic,fresh,material,age,6,18-24,Español,Yes,Yes,No,A1,No,Only_basic,Me pareció muy interesante ,Chrome,Linux,832,384,trad,adult,adult_consent,,10.54255,33,Yes
0.83,apple,food,hard,rotten,texture,age,7,18-24,Español,Yes,Yes,No,A1,No,Only_basic,Me pareció muy interesante ,Chrome,Linux,832,384,trad,adult,adult_consent,,10.54255,33,Yes
0.14,desk,furniture,short,brown,size,color,8,18-24,Español,Yes,Yes,No,A1,No,Only_basic,Me pareció muy interesante ,Chrome,Linux,832,384,trad,adult,adult_consent,,10.54255,33,Yes
0.95,TV,furniture,tiny,rotten,size,age,9,18-24,Español,Yes,Yes,No,A1,No,Only_basic,Me pareció muy interesante ,Chrome,Linux,832,384,trad,adult,adult_consent,,10.54255,33,Yes
0.95,carrot,food,smooth,plastic,texture,material,10,18-24,Español,Yes,Yes,No,A1,No,Only_basic,Me pareció muy interesante ,Chrome,Linux,832,384,trad,adult,adult_consent,,10.54255,33,Yes
0.05,couch,furniture,short,brown,size,color,11,18-24,Español,Yes,Yes,No,A1,No,Only_basic,Me pareció muy interesante ,Chrome,Linux,832,384,trad,adult,adult_consent,,10.54255,33,Yes
0.92,TV,furniture,hard,good,texture,quality,12,18-24,Español,Yes,Yes,No,A1,No,Only_basic,Me pareció muy interesante ,Chrome,Linux,832,384,trad,adult,adult_consent,,10.54255,33,Yes
0.95,fan,furniture,rotten,small,age,size,13,18-24,Español,Yes,Yes,No,A1,No,Only_basic,Me pareció muy interesante ,Chrome,Linux,832,384,trad,adult,adult_consent,,10.54255,33,Yes
0.11,fan,furniture,big,new,size,age,14,18-24,Español,Yes,Yes,No,A1,No,Only_basic,Me pareció muy interesante ,Chrome,Linux,832,384,trad,adult,adult_consent,,10.54255,33,Yes
0.95,fan,furniture,square,bad,shape,quality,15,18-24,Español,Yes,Yes,No,A1,No,Only_basic,Me pareció muy interesante ,Chrome,Linux,832,384,trad,adult,adult_consent,,10.54255,33,Yes
0.89,couch,furniture,big,rotten,size,age,16,18-24,Español,Yes,Yes,No,A1,No,Only_basic,Me pareció muy interesante ,Chrome,Linux,832,384,trad,adult,adult_consent,,10.54255,33,Yes
0.05,fan,furniture,rotten,soft,age,texture,17,18-24,Español,Yes,Yes,No,A1,No,Only_basic,Me pareció muy interesante ,Chrome,Linux,832,384,trad,adult,adult_consent,,10.54255,33,Yes
0.15,tomato,food,fresh,huge,age,size,18,18-24,Español,Yes,Yes,No,A1,No,Only_basic,Me pareció muy interesante ,Chrome,Linux,832,384,trad,adult,adult_consent,,10.54255,33,Yes
0.93,TV,furniture,purple,huge,color,size,19,18-24,Español,Yes,Yes,No,A1,No,Only_basic,Me pareció muy interesante ,Chrome,Linux,832,384,trad,adult,adult_consent,,10.54255,33,Yes
0.95,apple,food,new,hard,age,texture,20,18-24,Español,Yes,Yes,No,A1,No,Only_basic,Me pareció muy interesante ,Chrome,Linux,832,384,trad,adult,adult_consent,,10.54255,33,Yes
0.98,banana,food,round,yellow,shape,color,21,18-24,Español,Yes,Yes,No,A1,No,Only_basic,Me pareció muy interesante ,Chrome,Linux,832,384,trad,adult,adult_consent,,10.54255,33,Yes
0.95,desk,furniture,green,metal,color,material,22,18-24,Español,Yes,Yes,No,A1,No,Only_basic,Me pareció muy interesante ,Chrome,Linux,832,384,trad,adult,adult_consent,,10.54255,33,Yes
0.04,TV,furniture,green,big,color,size,23,18-24,Español,Yes,Yes,No,A1,No,Only_basic,Me pareció muy interesante ,Chrome,Linux,832,384,trad,adult,adult_consent,,10.54255,33,Yes
0.06,couch,furniture,yellow,old,color,age,24,18-24,Español,Yes,Yes,No,A1,No,Only_basic,Me pareció muy interesante ,Chrome,Linux,832,384,trad,adult,adult_consent,,10.54255,33,Yes
0.06,chair,furniture,blue,new,color,age,25,18-24,Español,Yes,Yes,No,A1,No,Only_basic,Me pareció muy interesante ,Chrome,Linux,832,384,trad,adult,adult_consent,,10.54255,33,Yes
0.92,apple,food,red,bad,color,quality,26,18-24,Español,Yes,Yes,No,A1,No,Only_basic,Me pareció muy interesante ,Chrome,Linux,832,384,trad,adult,adult_consent,,10.54255,33,Yes
0.14,couch,furniture,old,metal,age,material,27,18-24,Español,Yes,Yes,No,A1,No,Only_basic,Me pareció muy interesante ,Chrome,Linux,832,384,trad,adult,adult_consent,,10.54255,33,Yes
0.97,apple,food,short,blue,size,color,28,18-24,Español,Yes,Yes,No,A1,No,Only_basic,Me pareció muy interesante ,Chrome,Linux,832,384,trad,adult,adult_consent,,10.54255,33,Yes
0.97,TV,furniture,brown,long,color,size,29,18-24,Español,Yes,Yes,No,A1,No,Only_basic,Me pareció muy interesante ,Chrome,Linux,832,384,trad,adult,adult_consent,,10.54255,33,Yes
0.19,TV,furniture,yellow,short,color,size,30,18-24,Español,Yes,Yes,No,A1,No,Only_basic,Me pareció muy interesante ,Chrome,Linux,832,384,trad,adult,adult_consent,,10.54255,33,Yes
0.09,tomato,food,short,blue,size,color,31,18-24,Español,Yes,Yes,No,A1,No,Only_basic,Me pareció muy interesante ,Chrome,Linux,832,384,trad,adult,adult_consent,,10.54255,33,Yes
0.12,apple,food,wooden,new,material,age,6,25-34,Español,Yes,No,Yes,B1+,No,No,,Safari,iPhone/iPod,852,393,subj,adult,adult_consent,,13.9198,34,Yes
0.95,desk,furniture,good,plastic,quality,material,7,25-34,Español,Yes,No,Yes,B1+,No,No,,Safari,iPhone/iPod,852,393,subj,adult,adult_consent,,13.9198,34,Yes
0.01,fan,furniture,green,long,color,size,8,25-34,Español,Yes,No,Yes,B1+,No,No,,Safari,iPhone/iPod,852,393,subj,adult,adult_consent,,13.9198,34,Yes
0.03,couch,furniture,brown,small,color,size,9,25-34,Español,Yes,No,Yes,B1+,No,No,,Safari,iPhone/iPod,852,393,subj,adult,adult_consent,,13.9198,34,Yes
0.83,chair,furniture,green,bad,color,quality,10,25-34,Español,Yes,No,Yes,B1+,No,No,,Safari,iPhone/iPod,852,393,subj,adult,adult_consent,,13.9198,34,Yes
0.08,TV,furniture,old,good,age,quality,11,25-34,Español,Yes,No,Yes,B1+,No,No,,Safari,iPhone/iPod,852,393,subj,adult,adult_consent,,13.9198,34,Yes
0.05,TV,furniture,brown,short,color,size,12,25-34,Español,Yes,No,Yes,B1+,No,No,,Safari,iPhone/iPod,852,393,subj,adult,adult_consent,,13.9198,34,Yes
0.91,desk,furniture,new,short,age,size,13,25-34,Español,Yes,No,Yes,B1+,No,No,,Safari,iPhone/iPod,852,393,subj,adult,adult_consent,,13.9198,34,Yes
0.11,desk,furniture,plastic,good,material,quality,14,25-34,Español,Yes,No,Yes,B1+,No,No,,Safari,iPhone/iPod,852,393,subj,adult,adult_consent,,13.9198,34,Yes
0.08,couch,furniture,brown,new,color,age,15,25-34,Español,Yes,No,Yes,B1+,No,No,,Safari,iPhone/iPod,852,393,subj,adult,adult_consent,,13.9198,34,Yes
0.05,cheese,food,tiny,old,size,age,16,25-34,Español,Yes,No,Yes,B1+,No,No,,Safari,iPhone/iPod,852,393,subj,adult,adult_consent,,13.9198,34,Yes
0.1,banana,food,short,soft,size,texture,17,25-34,Español,Yes,No,Yes,B1+,No,No,,Safari,iPhone/iPod,852,393,subj,adult,adult_consent,,13.9198,34,Yes
0.92,TV,furniture,square,short,shape,size,18,25-34,Español,Yes,No,Yes,B1+,No,No,,Safari,iPhone/iPod,852,393,subj,adult,adult_consent,,13.9198,34,Yes
0.03,apple,food,green,soft,color,texture,19,25-34,Español,Yes,No,Yes,B1+,No,No,,Safari,iPhone/iPod,852,393,subj,adult,adult_consent,,13.9198,34,Yes
0.95,desk,furniture,square,purple,shape,color,20,25-34,Español,Yes,No,Yes,B1+,No,No,,Safari,iPhone/iPod,852,393,subj,adult,adult_consent,,13.9198,34,Yes
0.99,carrot,food,old,huge,age,size,21,25-34,Español,Yes,No,Yes,B1+,No,No,,Safari,iPhone/iPod,852,393,subj,adult,adult_consent,,13.9198,34,Yes
0.05,TV,furniture,rotten,huge,age,size,22,25-34,Español,Yes,No,Yes,B1+,No,No,,Safari,iPhone/iPod,852,393,subj,adult,adult_consent,,13.9198,34,Yes
0.13,chair,furniture,short,wooden,size,material,23,25-34,Español,Yes,No,Yes,B1+,No,No,,Safari,iPhone/iPod,852,393,subj,adult,adult_consent,,13.9198,34,Yes
0.94,cheese,food,fresh,round,age,shape,24,25-34,Español,Yes,No,Yes,B1+,No,No,,Safari,iPhone/iPod,852,393,subj,adult,adult_consent,,13.9198,34,Yes
0.99,desk,furniture,new,wooden,age,material,25,25-34,Español,Yes,No,Yes,B1+,No,No,,Safari,iPhone/iPod,852,393,subj,adult,adult_consent,,13.9198,34,Yes
0.82,TV,furniture,big,old,size,age,26,25-34,Español,Yes,No,Yes,B1+,No,No,,Safari,iPhone/iPod,852,393,subj,adult,adult_consent,,13.9198,34,Yes
0.91,fan,furniture,long,bad,size,quality,27,25-34,Español,Yes,No,Yes,B1+,No,No,,Safari,iPhone/iPod,852,393,subj,adult,adult_consent,,13.9198,34,Yes
0.11,TV,furniture,wooden,tiny,material,size,28,25-34,Español,Yes,No,Yes,B1+,No,No,,Safari,iPhone/iPod,852,393,subj,adult,adult_consent,,13.9198,34,Yes
0.12,cheese,food,yellow,square,color,shape,29,25-34,Español,Yes,No,Yes,B1+,No,No,,Safari,iPhone/iPod,852,393,subj,adult,adult_consent,,13.9198,34,Yes
0.15,fan,furniture,brown,soft,color,texture,30,25-34,Español,Yes,No,Yes,B1+,No,No,,Safari,iPhone/iPod,852,393,subj,adult,adult_consent,,13.9198,34,Yes
0.96,couch,furniture,new,smooth,age,texture,31,25-34,Español,Yes,No,Yes,B1+,No,No,,Safari,iPhone/iPod,852,393,subj,adult,adult_consent,,13.9198,34,Yes
0.95,desk,furniture,tiny,fresh,size,age,6,18-24,Español,Yes,Yes,No,A1,No,Only_basic,Me pareció muy interesante ,Chrome,Linux,832,384,trad,adult,adult_consent,,6.807283333333333,35,Yes
0.98,chair,furniture,big,red,size,color,7,18-24,Español,Yes,Yes,No,A1,No,Only_basic,Me pareció muy interesante ,Chrome,Linux,832,384,trad,adult,adult_consent,,6.807283333333333,35,Yes
0.07,apple,food,green,fresh,color,age,8,18-24,Español,Yes,Yes,No,A1,No,Only_basic,Me pareció muy interesante ,Chrome,Linux,832,384,trad,adult,adult_consent,,6.807283333333333,35,Yes
0.07,banana,food,yellow,wooden,color,material,9,18-24,Español,Yes,Yes,No,A1,No,Only_basic,Me pareció muy interesante ,Chrome,Linux,832,384,trad,adult,adult_consent,,6.807283333333333,35,Yes
0.91,cheese,food,fresh,square,age,shape,10,18-24,Español,Yes,Yes,No,A1,No,Only_basic,Me pareció muy interesante ,Chrome,Linux,832,384,trad,adult,adult_consent,,6.807283333333333,35,Yes
0.11,apple,food,tiny,old,size,age,11,18-24,Español,Yes,Yes,No,A1,No,Only_basic,Me pareció muy interesante ,Chrome,Linux,832,384,trad,adult,adult_consent,,6.807283333333333,35,Yes
0.98,apple,food,plastic,hard,material,texture,12,18-24,Español,Yes,Yes,No,A1,No,Only_basic,Me pareció muy interesante ,Chrome,Linux,832,384,trad,adult,adult_consent,,6.807283333333333,35,Yes
0.09,carrot,food,long,brown,size,color,13,18-24,Español,Yes,Yes,No,A1,No,Only_basic,Me pareció muy interesante ,Chrome,Linux,832,384,trad,adult,adult_consent,,6.807283333333333,35,Yes
0.98,couch,furniture,short,hard,size,texture,14,18-24,Español,Yes,Yes,No,A1,No,Only_basic,Me pareció muy interesante ,Chrome,Linux,832,384,trad,adult,adult_consent,,6.807283333333333,35,Yes
0.95,tomato,food,hard,rotten,texture,age,15,18-24,Español,Yes,Yes,No,A1,No,Only_basic,Me pareció muy interesante ,Chrome,Linux,832,384,trad,adult,adult_consent,,6.807283333333333,35,Yes
0.96,banana,food,metal,new,material,age,16,18-24,Español,Yes,Yes,No,A1,No,Only_basic,Me pareció muy interesante ,Chrome,Linux,832,384,trad,adult,adult_consent,,6.807283333333333,35,Yes
0.03,cheese,food,small,new,size,age,17,18-24,Español,Yes,Yes,No,A1,No,Only_basic,Me pareció muy interesante ,Chrome,Linux,832,384,trad,adult,adult_consent,,6.807283333333333,35,Yes
0.02,carrot,food,smooth,big,texture,size,18,18-24,Español,Yes,Yes,No,A1,No,Only_basic,Me pareció muy interesante ,Chrome,Linux,832,384,trad,adult,adult_consent,,6.807283333333333,35,Yes
0.03,desk,furniture,soft,long,texture,size,19,18-24,Español,Yes,Yes,No,A1,No,Only_basic,Me pareció muy interesante ,Chrome,Linux,832,384,trad,adult,adult_consent,,6.807283333333333,35,Yes
0.93,carrot,food,purple,round,color,shape,20,18-24,Español,Yes,Yes,No,A1,No,Only_basic,Me pareció muy interesante ,Chrome,Linux,832,384,trad,adult,adult_consent,,6.807283333333333,35,Yes
0.97,tomato,food,blue,fresh,color,age,21,18-24,Español,Yes,Yes,No,A1,No,Only_basic,Me pareció muy interesante ,Chrome,Linux,832,384,trad,adult,adult_consent,,6.807283333333333,35,Yes
0.93,fan,furniture,bad,square,quality,shape,22,18-24,Español,Yes,Yes,No,A1,No,Only_basic,Me pareció muy interesante ,Chrome,Linux,832,384,trad,adult,adult_consent,,6.807283333333333,35,Yes
0.96,TV,furniture,old,red,age,color,23,18-24,Español,Yes,Yes,No,A1,No,Only_basic,Me pareció muy interesante ,Chrome,Linux,832,384,trad,adult,adult_consent,,6.807283333333333,35,Yes
0.98,desk,furniture,yellow,big,color,size,24,18-24,Español,Yes,Yes,No,A1,No,Only_basic,Me pareció muy interesante ,Chrome,Linux,832,384,trad,adult,adult_consent,,6.807283333333333,35,Yes
0.98,tomato,food,plastic,bad,material,quality,25,18-24,Español,Yes,Yes,No,A1,No,Only_basic,Me pareció muy interesante ,Chrome,Linux,832,384,trad,adult,adult_consent,,6.807283333333333,35,Yes
0.08,chair,furniture,brown,small,color,size,26,18-24,Español,Yes,Yes,No,A1,No,Only_basic,Me pareció muy interesante ,Chrome,Linux,832,384,trad,adult,adult_consent,,6.807283333333333,35,Yes
0.02,TV,furniture,fresh,good,age,quality,27,18-24,Español,Yes,Yes,No,A1,No,Only_basic,Me pareció muy interesante ,Chrome,Linux,832,384,trad,adult,adult_consent,,6.807283333333333,35,Yes
0.98,tomato,food,fresh,long,age,size,28,18-24,Español,Yes,Yes,No,A1,No,Only_basic,Me pareció muy interesante ,Chrome,Linux,832,384,trad,adult,adult_consent,,6.807283333333333,35,Yes
0.1,tomato,food,red,bad,color,quality,29,18-24,Español,Yes,Yes,No,A1,No,Only_basic,Me pareció muy interesante ,Chrome,Linux,832,384,trad,adult,adult_consent,,6.807283333333333,35,Yes
0.98,chair,furniture,brown,tiny,color,size,30,18-24,Español,Yes,Yes,No,A1,No,Only_basic,Me pareció muy interesante ,Chrome,Linux,832,384,trad,adult,adult_consent,,6.807283333333333,35,Yes
0.1,cheese,food,hard,new,texture,age,31,18-24,Español,Yes,Yes,No,A1,No,Only_basic,Me pareció muy interesante ,Chrome,Linux,832,384,trad,adult,adult_consent,,6.807283333333333,35,Yes
0.9,banana,food,short,new,size,age,6,35_or_older,Español,Yes,No,No,A1,No,No,,Chrome,Linux,854,385,trad,adult,adult_consent,,27.49985,36,Confused
0.9,TV,furniture,good,yellow,quality,color,7,35_or_older,Español,Yes,No,No,A1,No,No,,Chrome,Linux,854,385,trad,adult,adult_consent,,27.49985,36,Confused
0.9,fan,furniture,smooth,red,texture,color,8,35_or_older,Español,Yes,No,No,A1,No,No,,Chrome,Linux,854,385,trad,adult,adult_consent,,27.49985,36,Confused
0.86,chair,furniture,yellow,bad,color,quality,9,35_or_older,Español,Yes,No,No,A1,No,No,,Chrome,Linux,854,385,trad,adult,adult_consent,,27.49985,36,Confused
0.82,tomato,food,soft,huge,texture,size,10,35_or_older,Español,Yes,No,No,A1,No,No,,Chrome,Linux,854,385,trad,adult,adult_consent,,27.49985,36,Confused
0.74,banana,food,round,rotten,shape,age,11,35_or_older,Español,Yes,No,No,A1,No,No,,Chrome,Linux,854,385,trad,adult,adult_consent,,27.49985,36,Confused
0.82,cheese,food,brown,long,color,size,12,35_or_older,Español,Yes,No,No,A1,No,No,,Chrome,Linux,854,385,trad,adult,adult_consent,,27.49985,36,Confused
0.89,chair,furniture,bad,metal,quality,material,13,35_or_older,Español,Yes,No,No,A1,No,No,,Chrome,Linux,854,385,trad,adult,adult_consent,,27.49985,36,Confused
0.89,couch,furniture,red,wooden,color,material,14,35_or_older,Español,Yes,No,No,A1,No,No,,Chrome,Linux,854,385,trad,adult,adult_consent,,27.49985,36,Confused
0.93,desk,furniture,short,square,size,shape,15,35_or_older,Español,Yes,No,No,A1,No,No,,Chrome,Linux,854,385,trad,adult,adult_consent,,27.49985,36,Confused
0.83,banana,food,old,wooden,age,material,16,35_or_older,Español,Yes,No,No,A1,No,No,,Chrome,Linux,854,385,trad,adult,adult_consent,,27.49985,36,Confused
0.85,desk,furniture,old,wooden,age,material,17,35_or_older,Español,Yes,No,No,A1,No,No,,Chrome,Linux,854,385,trad,adult,adult_consent,,27.49985,36,Confused
0.75,carrot,food,bad,soft,quality,texture,18,35_or_older,Español,Yes,No,No,A1,No,No,,Chrome,Linux,854,385,trad,adult,adult_consent,,27.49985,36,Confused
0.72,cheese,food,wooden,new,material,age,19,35_or_older,Español,Yes,No,No,A1,No,No,,Chrome,Linux,854,385,trad,adult,adult_consent,,27.49985,36,Confused
0.75,banana,food,short,soft,size,texture,20,35_or_older,Español,Yes,No,No,A1,No,No,,Chrome,Linux,854,385,trad,adult,adult_consent,,27.49985,36,Confused
0.81,desk,furniture,tiny,purple,size,color,21,35_or_older,Español,Yes,No,No,A1,No,No,,Chrome,Linux,854,385,trad,adult,adult_consent,,27.49985,36,Confused
0.86,cheese,food,blue,small,color,size,22,35_or_older,Español,Yes,No,No,A1,No,No,,Chrome,Linux,854,385,trad,adult,adult_consent,,27.49985,36,Confused
0.82,apple,food,short,purple,size,color,23,35_or_older,Español,Yes,No,No,A1,No,No,,Chrome,Linux,854,385,trad,adult,adult_consent,,27.49985,36,Confused
0.83,tomato,food,new,metal,age,material,24,35_or_older,Español,Yes,No,No,A1,No,No,,Chrome,Linux,854,385,trad,adult,adult_consent,,27.49985,36,Confused
0.89,couch,furniture,fresh,metal,age,material,25,35_or_older,Español,Yes,No,No,A1,No,No,,Chrome,Linux,854,385,trad,adult,adult_consent,,27.49985,36,Confused
0.91,carrot,food,fresh,purple,age,color,26,35_or_older,Español,Yes,No,No,A1,No,No,,Chrome,Linux,854,385,trad,adult,adult_consent,,27.49985,36,Confused
0.91,chair,furniture,long,bad,size,quality,27,35_or_older,Español,Yes,No,No,A1,No,No,,Chrome,Linux,854,385,trad,adult,adult_consent,,27.49985,36,Confused
0.94,carrot,food,brown,tiny,color,size,28,35_or_older,Español,Yes,No,No,A1,No,No,,Chrome,Linux,854,385,trad,adult,adult_consent,,27.49985,36,Confused
0.9,chair,furniture,tiny,blue,size,color,29,35_or_older,Español,Yes,No,No,A1,No,No,,Chrome,Linux,854,385,trad,adult,adult_consent,,27.49985,36,Confused
0.9,banana,food,square,huge,shape,size,30,35_or_older,Español,Yes,No,No,A1,No,No,,Chrome,Linux,854,385,trad,adult,adult_consent,,27.49985,36,Confused
0.82,apple,food,small,smooth,size,texture,31,35_or_older,Español,Yes,No,No,A1,No,No,,Chrome,Linux,854,385,trad,adult,adult_consent,,27.49985,36,Confused
0.95,TV,furniture,good,yellow,quality,color,6,25-34,Español,Yes,Yes,No,B1,No,No,Me gusto mucho aprendí ,Chrome,Linux,832,384,trad,adult,adult_consent,,15.130066666666666,37,Yes
0.08,carrot,food,wooden,short,material,size,7,25-34,Español,Yes,Yes,No,B1,No,No,Me gusto mucho aprendí ,Chrome,Linux,832,384,trad,adult,adult_consent,,15.130066666666666,37,Yes
0.05,apple,food,plastic,tiny,material,size,8,25-34,Español,Yes,Yes,No,B1,No,No,Me gusto mucho aprendí ,Chrome,Linux,832,384,trad,adult,adult_consent,,15.130066666666666,37,Yes
0.95,tomato,food,good,old,quality,age,9,25-34,Español,Yes,Yes,No,B1,No,No,Me gusto mucho aprendí ,Chrome,Linux,832,384,trad,adult,adult_consent,,15.130066666666666,37,Yes
0.09,cheese,food,wooden,purple,material,color,10,25-34,Español,Yes,Yes,No,B1,No,No,Me gusto mucho aprendí ,Chrome,Linux,832,384,trad,adult,adult_consent,,15.130066666666666,37,Yes
0.91,TV,furniture,round,purple,shape,color,11,25-34,Español,Yes,Yes,No,B1,No,No,Me gusto mucho aprendí ,Chrome,Linux,832,384,trad,adult,adult_consent,,15.130066666666666,37,Yes
0.03,TV,furniture,plastic,fresh,material,age,12,25-34,Español,Yes,Yes,No,B1,No,No,Me gusto mucho aprendí ,Chrome,Linux,832,384,trad,adult,adult_consent,,15.130066666666666,37,Yes
0.11,tomato,food,metal,big,material,size,13,25-34,Español,Yes,Yes,No,B1,No,No,Me gusto mucho aprendí ,Chrome,Linux,832,384,trad,adult,adult_consent,,15.130066666666666,37,Yes
0.95,fan,furniture,green,wooden,color,material,14,25-34,Español,Yes,Yes,No,B1,No,No,Me gusto mucho aprendí ,Chrome,Linux,832,384,trad,adult,adult_consent,,15.130066666666666,37,Yes
0.05,desk,furniture,rotten,soft,age,texture,15,25-34,Español,Yes,Yes,No,B1,No,No,Me gusto mucho aprendí ,Chrome,Linux,832,384,trad,adult,adult_consent,,15.130066666666666,37,Yes
0.97,banana,food,hard,purple,texture,color,16,25-34,Español,Yes,Yes,No,B1,No,No,Me gusto mucho aprendí ,Chrome,Linux,832,384,trad,adult,adult_consent,,15.130066666666666,37,Yes
0.97,desk,furniture,tiny,wooden,size,material,17,25-34,Español,Yes,Yes,No,B1,No,No,Me gusto mucho aprendí ,Chrome,Linux,832,384,trad,adult,adult_consent,,15.130066666666666,37,Yes
0.02,couch,furniture,long,hard,size,texture,18,25-34,Español,Yes,Yes,No,B1,No,No,Me gusto mucho aprendí ,Chrome,Linux,832,384,trad,adult,adult_consent,,15.130066666666666,37,Yes
0.03,banana,food,square,blue,shape,color,19,25-34,Español,Yes,Yes,No,B1,No,No,Me gusto mucho aprendí ,Chrome,Linux,832,384,trad,adult,adult_consent,,15.130066666666666,37,Yes
0.04,desk,furniture,square,long,shape,size,20,25-34,Español,Yes,Yes,No,B1,No,No,Me gusto mucho aprendí ,Chrome,Linux,832,384,trad,adult,adult_consent,,15.130066666666666,37,Yes
0.04,fan,furniture,purple,soft,color,texture,21,25-34,Español,Yes,Yes,No,B1,No,No,Me gusto mucho aprendí ,Chrome,Linux,832,384,trad,adult,adult_consent,,15.130066666666666,37,Yes
0.05,couch,furniture,new,bad,age,quality,22,25-34,Español,Yes,Yes,No,B1,No,No,Me gusto mucho aprendí ,Chrome,Linux,832,384,trad,adult,adult_consent,,15.130066666666666,37,Yes
0.11,cheese,food,yellow,soft,color,texture,23,25-34,Español,Yes,Yes,No,B1,No,No,Me gusto mucho aprendí ,Chrome,Linux,832,384,trad,adult,adult_consent,,15.130066666666666,37,Yes
0.05,banana,food,rotten,bad,age,quality,24,25-34,Español,Yes,Yes,No,B1,No,No,Me gusto mucho aprendí ,Chrome,Linux,832,384,trad,adult,adult_consent,,15.130066666666666,37,Yes
0.97,apple,food,long,hard,size,texture,25,25-34,Español,Yes,Yes,No,B1,No,No,Me gusto mucho aprendí ,Chrome,Linux,832,384,trad,adult,adult_consent,,15.130066666666666,37,Yes
0.03,banana,food,square,bad,shape,quality,26,25-34,Español,Yes,Yes,No,B1,No,No,Me gusto mucho aprendí ,Chrome,Linux,832,384,trad,adult,adult_consent,,15.130066666666666,37,Yes
0.97,fan,furniture,huge,brown,size,color,27,25-34,Español,Yes,Yes,No,B1,No,No,Me gusto mucho aprendí ,Chrome,Linux,832,384,trad,adult,adult_consent,,15.130066666666666,37,Yes
0.04,banana,food,red,soft,color,texture,28,25-34,Español,Yes,Yes,No,B1,No,No,Me gusto mucho aprendí ,Chrome,Linux,832,384,trad,adult,adult_consent,,15.130066666666666,37,Yes
0.89,apple,food,rotten,blue,age,color,29,25-34,Español,Yes,Yes,No,B1,No,No,Me gusto mucho aprendí ,Chrome,Linux,832,384,trad,adult,adult_consent,,15.130066666666666,37,Yes
0.02,apple,food,blue,long,color,size,30,25-34,Español,Yes,Yes,No,B1,No,No,Me gusto mucho aprendí ,Chrome,Linux,832,384,trad,adult,adult_consent,,15.130066666666666,37,Yes
0.91,cheese,food,new,smooth,age,texture,31,25-34,Español,Yes,Yes,No,B1,No,No,Me gusto mucho aprendí ,Chrome,Linux,832,384,trad,adult,adult_consent,,15.130066666666666,37,Yes
0.89,TV,furniture,long,rotten,size,age,6,25-34,Español,Yes,Yes,No,B1,No,Not_sure,Hermoso informativo ,Chrome,Linux,832,384,subj,adult,adult_consent,,12.330583333333333,38,Yes
0.94,TV,furniture,new,long,age,size,7,25-34,Español,Yes,Yes,No,B1,No,Not_sure,Hermoso informativo ,Chrome,Linux,832,384,subj,adult,adult_consent,,12.330583333333333,38,Yes
0.95,TV,furniture,short,green,size,color,8,25-34,Español,Yes,Yes,No,B1,No,Not_sure,Hermoso informativo ,Chrome,Linux,832,384,subj,adult,adult_consent,,12.330583333333333,38,Yes
0.81,tomato,food,small,round,size,shape,9,25-34,Español,Yes,Yes,No,B1,No,Not_sure,Hermoso informativo ,Chrome,Linux,832,384,subj,adult,adult_consent,,12.330583333333333,38,Yes
0.95,carrot,food,big,brown,size,color,10,25-34,Español,Yes,Yes,No,B1,No,Not_sure,Hermoso informativo ,Chrome,Linux,832,384,subj,adult,adult_consent,,12.330583333333333,38,Yes
0.03,fan,furniture,yellow,old,color,age,11,25-34,Español,Yes,Yes,No,B1,No,Not_sure,Hermoso informativo ,Chrome,Linux,832,384,subj,adult,adult_consent,,12.330583333333333,38,Yes
0.04,cheese,food,brown,hard,color,texture,12,25-34,Español,Yes,Yes,No,B1,No,Not_sure,Hermoso informativo ,Chrome,Linux,832,384,subj,adult,adult_consent,,12.330583333333333,38,Yes
0.07,tomato,food,round,short,shape,size,13,25-34,Español,Yes,Yes,No,B1,No,Not_sure,Hermoso informativo ,Chrome,Linux,832,384,subj,adult,adult_consent,,12.330583333333333,38,Yes
0.03,cheese,food,blue,hard,color,texture,14,25-34,Español,Yes,Yes,No,B1,No,Not_sure,Hermoso informativo ,Chrome,Linux,832,384,subj,adult,adult_consent,,12.330583333333333,38,Yes
0.1,desk,furniture,metal,short,material,size,15,25-34,Español,Yes,Yes,No,B1,No,Not_sure,Hermoso informativo ,Chrome,Linux,832,384,subj,adult,adult_consent,,12.330583333333333,38,Yes
0.99,tomato,food,old,smooth,age,texture,16,25-34,Español,Yes,Yes,No,B1,No,Not_sure,Hermoso informativo ,Chrome,Linux,832,384,subj,adult,adult_consent,,12.330583333333333,38,Yes
0.95,cheese,food,small,hard,size,texture,17,25-34,Español,Yes,Yes,No,B1,No,Not_sure,Hermoso informativo ,Chrome,Linux,832,384,subj,adult,adult_consent,,12.330583333333333,38,Yes
0.96,banana,food,good,new,quality,age,18,25-34,Español,Yes,Yes,No,B1,No,Not_sure,Hermoso informativo ,Chrome,Linux,832,384,subj,adult,adult_consent,,12.330583333333333,38,Yes
0.85,carrot,food,tiny,soft,size,texture,19,25-34,Español,Yes,Yes,No,B1,No,Not_sure,Hermoso informativo ,Chrome,Linux,832,384,subj,adult,adult_consent,,12.330583333333333,38,Yes
0.14,carrot,food,blue,hard,color,texture,20,25-34,Español,Yes,Yes,No,B1,No,Not_sure,Hermoso informativo ,Chrome,Linux,832,384,subj,adult,adult_consent,,12.330583333333333,38,Yes
0.03,couch,furniture,yellow,hard,color,texture,21,25-34,Español,Yes,Yes,No,B1,No,Not_sure,Hermoso informativo ,Chrome,Linux,832,384,subj,adult,adult_consent,,12.330583333333333,38,Yes
0.0,chair,furniture,round,new,shape,age,22,25-34,Español,Yes,Yes,No,B1,No,Not_sure,Hermoso informativo ,Chrome,Linux,832,384,subj,adult,adult_consent,,12.330583333333333,38,Yes
0.96,TV,furniture,good,round,quality,shape,23,25-34,Español,Yes,Yes,No,B1,No,Not_sure,Hermoso informativo ,Chrome,Linux,832,384,subj,adult,adult_consent,,12.330583333333333,38,Yes
0.96,couch,furniture,new,smooth,age,texture,24,25-34,Español,Yes,Yes,No,B1,No,Not_sure,Hermoso informativo ,Chrome,Linux,832,384,subj,adult,adult_consent,,12.330583333333333,38,Yes
0.05,tomato,food,round,fresh,shape,age,25,25-34,Español,Yes,Yes,No,B1,No,Not_sure,Hermoso informativo ,Chrome,Linux,832,384,subj,adult,adult_consent,,12.330583333333333,38,Yes
0.01,tomato,food,yellow,long,color,size,26,25-34,Español,Yes,Yes,No,B1,No,Not_sure,Hermoso informativo ,Chrome,Linux,832,384,subj,adult,adult_consent,,12.330583333333333,38,Yes
0.99,TV,furniture,smooth,yellow,texture,color,27,25-34,Español,Yes,Yes,No,B1,No,Not_sure,Hermoso informativo ,Chrome,Linux,832,384,subj,adult,adult_consent,,12.330583333333333,38,Yes
0.07,desk,furniture,yellow,small,color,size,28,25-34,Español,Yes,Yes,No,B1,No,Not_sure,Hermoso informativo ,Chrome,Linux,832,384,subj,adult,adult_consent,,12.330583333333333,38,Yes
0.96,apple,food,huge,round,size,shape,29,25-34,Español,Yes,Yes,No,B1,No,Not_sure,Hermoso informativo ,Chrome,Linux,832,384,subj,adult,adult_consent,,12.330583333333333,38,Yes
0.98,chair,furniture,tiny,square,size,shape,30,25-34,Español,Yes,Yes,No,B1,No,Not_sure,Hermoso informativo ,Chrome,Linux,832,384,subj,adult,adult_consent,,12.330583333333333,38,Yes
0.93,couch,furniture,long,blue,size,color,31,25-34,Español,Yes,Yes,No,B1,No,Not_sure,Hermoso informativo ,Chrome,Linux,832,384,subj,adult,adult_consent,,12.330583333333333,38,Yes
0.77,fan,furniture,short,old,size,age,6,18-24,Español,Yes,No,No,Not_sure,No,No,,Chrome,Linux,832,384,subj,adult,adult_consent,,54.55141666666667,39,Confused
0.97,desk,furniture,hard,fresh,texture,age,7,18-24,Español,Yes,No,No,Not_sure,No,No,,Chrome,Linux,832,384,subj,adult,adult_consent,,54.55141666666667,39,Confused
0.11,banana,food,green,square,color,shape,8,18-24,Español,Yes,No,No,Not_sure,No,No,,Chrome,Linux,832,384,subj,adult,adult_consent,,54.55141666666667,39,Confused
0.97,banana,food,plastic,red,material,color,9,18-24,Español,Yes,No,No,Not_sure,No,No,,Chrome,Linux,832,384,subj,adult,adult_consent,,54.55141666666667,39,Confused
0.18,fan,furniture,bad,round,quality,shape,10,18-24,Español,Yes,No,No,Not_sure,No,No,,Chrome,Linux,832,384,subj,adult,adult_consent,,54.55141666666667,39,Confused
0.83,apple,food,bad,small,quality,size,11,18-24,Español,Yes,No,No,Not_sure,No,No,,Chrome,Linux,832,384,subj,adult,adult_consent,,54.55141666666667,39,Confused
0.39,banana,food,green,big,color,size,12,18-24,Español,Yes,No,No,Not_sure,No,No,,Chrome,Linux,832,384,subj,adult,adult_consent,,54.55141666666667,39,Confused
0.84,couch,furniture,tiny,green,size,color,13,18-24,Español,Yes,No,No,Not_sure,No,No,,Chrome,Linux,832,384,subj,adult,adult_consent,,54.55141666666667,39,Confused
0.24,TV,furniture,blue,smooth,color,texture,14,18-24,Español,Yes,No,No,Not_sure,No,No,,Chrome,Linux,832,384,subj,adult,adult_consent,,54.55141666666667,39,Confused
0.83,TV,furniture,small,smooth,size,texture,15,18-24,Español,Yes,No,No,Not_sure,No,No,,Chrome,Linux,832,384,subj,adult,adult_consent,,54.55141666666667,39,Confused
0.22,apple,food,red,short,color,size,16,18-24,Español,Yes,No,No,Not_sure,No,No,,Chrome,Linux,832,384,subj,adult,adult_consent,,54.55141666666667,39,Confused
0.76,carrot,food,smooth,good,texture,quality,17,18-24,Español,Yes,No,No,Not_sure,No,No,,Chrome,Linux,832,384,subj,adult,adult_consent,,54.55141666666667,39,Confused
0.16,desk,furniture,brown,old,color,age,18,18-24,Español,Yes,No,No,Not_sure,No,No,,Chrome,Linux,832,384,subj,adult,adult_consent,,54.55141666666667,39,Confused
0.92,fan,furniture,hard,brown,texture,color,19,18-24,Español,Yes,No,No,Not_sure,No,No,,Chrome,Linux,832,384,subj,adult,adult_consent,,54.55141666666667,39,Confused
0.14,cheese,food,bad,rotten,quality,age,20,18-24,Español,Yes,No,No,Not_sure,No,No,,Chrome,Linux,832,384,subj,adult,adult_consent,,54.55141666666667,39,Confused
0.77,banana,food,rotten,purple,age,color,21,18-24,Español,Yes,No,No,Not_sure,No,No,,Chrome,Linux,832,384,subj,adult,adult_consent,,54.55141666666667,39,Confused
0.27,TV,furniture,small,smooth,size,texture,22,18-24,Español,Yes,No,No,Not_sure,No,No,,Chrome,Linux,832,384,subj,adult,adult_consent,,54.55141666666667,39,Confused
0.72,banana,food,soft,tiny,texture,size,23,18-24,Español,Yes,No,No,Not_sure,No,No,,Chrome,Linux,832,384,subj,adult,adult_consent,,54.55141666666667,39,Confused
0.18,banana,food,round,fresh,shape,age,24,18-24,Español,Yes,No,No,Not_sure,No,No,,Chrome,Linux,832,384,subj,adult,adult_consent,,54.55141666666667,39,Confused
0.93,TV,furniture,hard,fresh,texture,age,25,18-24,Español,Yes,No,No,Not_sure,No,No,,Chrome,Linux,832,384,subj,adult,adult_consent,,54.55141666666667,39,Confused
0.3,desk,furniture,huge,bad,size,quality,26,18-24,Español,Yes,No,No,Not_sure,No,No,,Chrome,Linux,832,384,subj,adult,adult_consent,,54.55141666666667,39,Confused
0.91,tomato,food,brown,rotten,color,age,27,18-24,Español,Yes,No,No,Not_sure,No,No,,Chrome,Linux,832,384,subj,adult,adult_consent,,54.55141666666667,39,Confused
0.45,apple,food,plastic,purple,material,color,28,18-24,Español,Yes,No,No,Not_sure,No,No,,Chrome,Linux,832,384,subj,adult,adult_consent,,54.55141666666667,39,Confused
0.78,desk,furniture,purple,soft,color,texture,29,18-24,Español,Yes,No,No,Not_sure,No,No,,Chrome,Linux,832,384,subj,adult,adult_consent,,54.55141666666667,39,Confused
0.85,couch,furniture,metal,bad,material,quality,30,18-24,Español,Yes,No,No,Not_sure,No,No,,Chrome,Linux,832,384,subj,adult,adult_consent,,54.55141666666667,39,Confused
0.91,desk,furniture,metal,brown,material,color,31,18-24,Español,Yes,No,No,Not_sure,No,No,,Chrome,Linux,832,384,subj,adult,adult_consent,,54.55141666666667,39,Confused
0.97,carrot,food,good,green,quality,color,6,25-34,Español,Yes,No,Yes,Not_sure,No,No,,Chrome,Windows,768,1366,trad,adult,adult_consent,,8.85135,40,Yes
0.01,fan,furniture,wooden,short,material,size,7,25-34,Español,Yes,No,Yes,Not_sure,No,No,,Chrome,Windows,768,1366,trad,adult,adult_consent,,8.85135,40,Yes
0.98,tomato,food,brown,huge,color,size,8,25-34,Español,Yes,No,Yes,Not_sure,No,No,,Chrome,Windows,768,1366,trad,adult,adult_consent,,8.85135,40,Yes
0.97,chair,furniture,short,good,size,quality,9,25-34,Español,Yes,No,Yes,Not_sure,No,No,,Chrome,Windows,768,1366,trad,adult,adult_consent,,8.85135,40,Yes
0.96,carrot,food,long,fresh,size,age,10,25-34,Español,Yes,No,Yes,Not_sure,No,No,,Chrome,Windows,768,1366,trad,adult,adult_consent,,8.85135,40,Yes
0.16,chair,furniture,big,brown,size,color,11,25-34,Español,Yes,No,Yes,Not_sure,No,No,,Chrome,Windows,768,1366,trad,adult,adult_consent,,8.85135,40,Yes
0.59,TV,furniture,small,brown,size,color,12,25-34,Español,Yes,No,Yes,Not_sure,No,No,,Chrome,Windows,768,1366,trad,adult,adult_consent,,8.85135,40,Yes
0.37,apple,food,brown,new,color,age,13,25-34,Español,Yes,No,Yes,Not_sure,No,No,,Chrome,Windows,768,1366,trad,adult,adult_consent,,8.85135,40,Yes
0.61,banana,food,smooth,huge,texture,size,14,25-34,Español,Yes,No,Yes,Not_sure,No,No,,Chrome,Windows,768,1366,trad,adult,adult_consent,,8.85135,40,Yes
0.32,TV,furniture,bad,round,quality,shape,15,25-34,Español,Yes,No,Yes,Not_sure,No,No,,Chrome,Windows,768,1366,trad,adult,adult_consent,,8.85135,40,Yes
0.28,cheese,food,short,square,size,shape,16,25-34,Español,Yes,No,Yes,Not_sure,No,No,,Chrome,Windows,768,1366,trad,adult,adult_consent,,8.85135,40,Yes
0.21,apple,food,soft,fresh,texture,age,17,25-34,Español,Yes,No,Yes,Not_sure,No,No,,Chrome,Windows,768,1366,trad,adult,adult_consent,,8.85135,40,Yes
0.92,chair,furniture,fresh,purple,age,color,18,25-34,Español,Yes,No,Yes,Not_sure,No,No,,Chrome,Windows,768,1366,trad,adult,adult_consent,,8.85135,40,Yes
0.2,fan,furniture,short,smooth,size,texture,19,25-34,Español,Yes,No,Yes,Not_sure,No,No,,Chrome,Windows,768,1366,trad,adult,adult_consent,,8.85135,40,Yes
0.84,chair,furniture,green,wooden,color,material,20,25-34,Español,Yes,No,Yes,Not_sure,No,No,,Chrome,Windows,768,1366,trad,adult,adult_consent,,8.85135,40,Yes
0.08,banana,food,round,tiny,shape,size,21,25-34,Español,Yes,No,Yes,Not_sure,No,No,,Chrome,Windows,768,1366,trad,adult,adult_consent,,8.85135,40,Yes
0.97,fan,furniture,plastic,round,material,shape,22,25-34,Español,Yes,No,Yes,Not_sure,No,No,,Chrome,Windows,768,1366,trad,adult,adult_consent,,8.85135,40,Yes
0.79,fan,furniture,square,blue,shape,color,23,25-34,Español,Yes,No,Yes,Not_sure,No,No,,Chrome,Windows,768,1366,trad,adult,adult_consent,,8.85135,40,Yes
0.85,couch,furniture,tiny,purple,size,color,24,25-34,Español,Yes,No,Yes,Not_sure,No,No,,Chrome,Windows,768,1366,trad,adult,adult_consent,,8.85135,40,Yes
0.22,carrot,food,metal,long,material,size,25,25-34,Español,Yes,No,Yes,Not_sure,No,No,,Chrome,Windows,768,1366,trad,adult,adult_consent,,8.85135,40,Yes
0.97,tomato,food,round,old,shape,age,26,25-34,Español,Yes,No,Yes,Not_sure,No,No,,Chrome,Windows,768,1366,trad,adult,adult_consent,,8.85135,40,Yes
0.96,TV,furniture,tiny,fresh,size,age,27,25-34,Español,Yes,No,Yes,Not_sure,No,No,,Chrome,Windows,768,1366,trad,adult,adult_consent,,8.85135,40,Yes
0.15,TV,furniture,purple,wooden,color,material,28,25-34,Español,Yes,No,Yes,Not_sure,No,No,,Chrome,Windows,768,1366,trad,adult,adult_consent,,8.85135,40,Yes
0.98,TV,furniture,smooth,bad,texture,quality,29,25-34,Español,Yes,No,Yes,Not_sure,No,No,,Chrome,Windows,768,1366,trad,adult,adult_consent,,8.85135,40,Yes
0.8,couch,furniture,hard,yellow,texture,color,30,25-34,Español,Yes,No,Yes,Not_sure,No,No,,Chrome,Windows,768,1366,trad,adult,adult_consent,,8.85135,40,Yes
0.14,TV,furniture,round,smooth,shape,texture,31,25-34,Español,Yes,No,Yes,Not_sure,No,No,,Chrome,Windows,768,1366,trad,adult,adult_consent,,8.85135,40,Yes
0.42,fan,furniture,bad,round,quality,shape,6,25-34,Español,Yes,No,Yes,Not_sure,No,Only_basic,,Chrome,Linux,832,384,subj,adult,adult_consent,,11.14805,41,Confused
0.92,tomato,food,red,square,color,shape,7,25-34,Español,Yes,No,Yes,Not_sure,No,Only_basic,,Chrome,Linux,832,384,subj,adult,adult_consent,,11.14805,41,Confused
0.9,desk,furniture,hard,tiny,texture,size,8,25-34,Español,Yes,No,Yes,Not_sure,No,Only_basic,,Chrome,Linux,832,384,subj,adult,adult_consent,,11.14805,41,Confused
0.21,apple,food,wooden,square,material,shape,9,25-34,Español,Yes,No,Yes,Not_sure,No,Only_basic,,Chrome,Linux,832,384,subj,adult,adult_consent,,11.14805,41,Confused
0.9,desk,furniture,long,soft,size,texture,10,25-34,Español,Yes,No,Yes,Not_sure,No,Only_basic,,Chrome,Linux,832,384,subj,adult,adult_consent,,11.14805,41,Confused
0.94,banana,food,hard,tiny,texture,size,11,25-34,Español,Yes,No,Yes,Not_sure,No,Only_basic,,Chrome,Linux,832,384,subj,adult,adult_consent,,11.14805,41,Confused
0.89,chair,furniture,huge,bad,size,quality,12,25-34,Español,Yes,No,Yes,Not_sure,No,Only_basic,,Chrome,Linux,832,384,subj,adult,adult_consent,,11.14805,41,Confused
0.11,carrot,food,smooth,square,texture,shape,13,25-34,Español,Yes,No,Yes,Not_sure,No,Only_basic,,Chrome,Linux,832,384,subj,adult,adult_consent,,11.14805,41,Confused
0.09,carrot,food,long,bad,size,quality,14,25-34,Español,Yes,No,Yes,Not_sure,No,Only_basic,,Chrome,Linux,832,384,subj,adult,adult_consent,,11.14805,41,Confused
0.82,couch,furniture,brown,new,color,age,15,25-34,Español,Yes,No,Yes,Not_sure,No,Only_basic,,Chrome,Linux,832,384,subj,adult,adult_consent,,11.14805,41,Confused
0.14,cheese,food,bad,short,quality,size,16,25-34,Español,Yes,No,Yes,Not_sure,No,Only_basic,,Chrome,Linux,832,384,subj,adult,adult_consent,,11.14805,41,Confused
0.91,TV,furniture,smooth,wooden,texture,material,17,25-34,Español,Yes,No,Yes,Not_sure,No,Only_basic,,Chrome,Linux,832,384,subj,adult,adult_consent,,11.14805,41,Confused
0.06,desk,furniture,green,hard,color,texture,18,25-34,Español,Yes,No,Yes,Not_sure,No,Only_basic,,Chrome,Linux,832,384,subj,adult,adult_consent,,11.14805,41,Confused
0.87,tomato,food,huge,round,size,shape,19,25-34,Español,Yes,No,Yes,Not_sure,No,Only_basic,,Chrome,Linux,832,384,subj,adult,adult_consent,,11.14805,41,Confused
0.87,carrot,food,wooden,good,material,quality,20,25-34,Español,Yes,No,Yes,Not_sure,No,Only_basic,,Chrome,Linux,832,384,subj,adult,adult_consent,,11.14805,41,Confused
0.03,couch,furniture,long,round,size,shape,21,25-34,Español,Yes,No,Yes,Not_sure,No,Only_basic,,Chrome,Linux,832,384,subj,adult,adult_consent,,11.14805,41,Confused
0.09,cheese,food,smooth,good,texture,quality,22,25-34,Español,Yes,No,Yes,Not_sure,No,Only_basic,,Chrome,Linux,832,384,subj,adult,adult_consent,,11.14805,41,Confused
0.76,desk,furniture,bad,metal,quality,material,23,25-34,Español,Yes,No,Yes,Not_sure,No,Only_basic,,Chrome,Linux,832,384,subj,adult,adult_consent,,11.14805,41,Confused
0.1,carrot,food,green,small,color,size,24,25-34,Español,Yes,No,Yes,Not_sure,No,Only_basic,,Chrome,Linux,832,384,subj,adult,adult_consent,,11.14805,41,Confused
0.12,fan,furniture,new,good,age,quality,25,25-34,Español,Yes,No,Yes,Not_sure,No,Only_basic,,Chrome,Linux,832,384,subj,adult,adult_consent,,11.14805,41,Confused
0.14,banana,food,soft,short,texture,size,26,25-34,Español,Yes,No,Yes,Not_sure,No,Only_basic,,Chrome,Linux,832,384,subj,adult,adult_consent,,11.14805,41,Confused
0.87,banana,food,bad,purple,quality,color,27,25-34,Español,Yes,No,Yes,Not_sure,No,Only_basic,,Chrome,Linux,832,384,subj,adult,adult_consent,,11.14805,41,Confused
0.22,banana,food,long,yellow,size,color,28,25-34,Español,Yes,No,Yes,Not_sure,No,Only_basic,,Chrome,Linux,832,384,subj,adult,adult_consent,,11.14805,41,Confused
0.79,banana,food,old,short,age,size,29,25-34,Español,Yes,No,Yes,Not_sure,No,Only_basic,,Chrome,Linux,832,384,subj,adult,adult_consent,,11.14805,41,Confused
0.96,carrot,food,round,purple,shape,color,30,25-34,Español,Yes,No,Yes,Not_sure,No,Only_basic,,Chrome,Linux,832,384,subj,adult,adult_consent,,11.14805,41,Confused
0.94,cheese,food,old,plastic,age,material,31,25-34,Español,Yes,No,Yes,Not_sure,No,Only_basic,,Chrome,Linux,832,384,subj,adult,adult_consent,,11.14805,41,Confused
0.96,banana,food,purple,new,color,age,6,25-34,Español,Yes,No,Yes,B1+,No,Not_sure,,Chrome,Linux,960,432,subj,adult,adult_consent,,8.678233333333333,42,Yes
0.02,tomato,food,round,short,shape,size,7,25-34,Español,Yes,No,Yes,B1+,No,Not_sure,,Chrome,Linux,960,432,subj,adult,adult_consent,,8.678233333333333,42,Yes
0.03,carrot,food,plastic,old,material,age,8,25-34,Español,Yes,No,Yes,B1+,No,Not_sure,,Chrome,Linux,960,432,subj,adult,adult_consent,,8.678233333333333,42,Yes
0.94,carrot,food,blue,wooden,color,material,9,25-34,Español,Yes,No,Yes,B1+,No,Not_sure,,Chrome,Linux,960,432,subj,adult,adult_consent,,8.678233333333333,42,Yes
0.04,TV,furniture,bad,old,quality,age,10,25-34,Español,Yes,No,Yes,B1+,No,Not_sure,,Chrome,Linux,960,432,subj,adult,adult_consent,,8.678233333333333,42,Yes
0.93,fan,furniture,soft,green,texture,color,11,25-34,Español,Yes,No,Yes,B1+,No,Not_sure,,Chrome,Linux,960,432,subj,adult,adult_consent,,8.678233333333333,42,Yes
0.94,cheese,food,bad,round,quality,shape,12,25-34,Español,Yes,No,Yes,B1+,No,Not_sure,,Chrome,Linux,960,432,subj,adult,adult_consent,,8.678233333333333,42,Yes
0.04,tomato,food,metal,good,material,quality,13,25-34,Español,Yes,No,Yes,B1+,No,Not_sure,,Chrome,Linux,960,432,subj,adult,adult_consent,,8.678233333333333,42,Yes
0.02,chair,furniture,plastic,bad,material,quality,14,25-34,Español,Yes,No,Yes,B1+,No,Not_sure,,Chrome,Linux,960,432,subj,adult,adult_consent,,8.678233333333333,42,Yes
0.0,fan,furniture,square,bad,shape,quality,15,25-34,Español,Yes,No,Yes,B1+,No,Not_sure,,Chrome,Linux,960,432,subj,adult,adult_consent,,8.678233333333333,42,Yes
0.96,apple,food,old,plastic,age,material,16,25-34,Español,Yes,No,Yes,B1+,No,Not_sure,,Chrome,Linux,960,432,subj,adult,adult_consent,,8.678233333333333,42,Yes
0.95,TV,furniture,rotten,round,age,shape,17,25-34,Español,Yes,No,Yes,B1+,No,Not_sure,,Chrome,Linux,960,432,subj,adult,adult_consent,,8.678233333333333,42,Yes
0.02,TV,furniture,wooden,short,material,size,18,25-34,Español,Yes,No,Yes,B1+,No,Not_sure,,Chrome,Linux,960,432,subj,adult,adult_consent,,8.678233333333333,42,Yes
0.01,chair,furniture,brown,smooth,color,texture,19,25-34,Español,Yes,No,Yes,B1+,No,Not_sure,,Chrome,Linux,960,432,subj,adult,adult_consent,,8.678233333333333,42,Yes
0.03,apple,food,yellow,new,color,age,20,25-34,Español,Yes,No,Yes,B1+,No,Not_sure,,Chrome,Linux,960,432,subj,adult,adult_consent,,8.678233333333333,42,Yes
0.97,desk,furniture,brown,short,color,size,21,25-34,Español,Yes,No,Yes,B1+,No,Not_sure,,Chrome,Linux,960,432,subj,adult,adult_consent,,8.678233333333333,42,Yes
0.87,TV,furniture,hard,brown,texture,color,22,25-34,Español,Yes,No,Yes,B1+,No,Not_sure,,Chrome,Linux,960,432,subj,adult,adult_consent,,8.678233333333333,42,Yes
0.04,couch,furniture,metal,fresh,material,age,23,25-34,Español,Yes,No,Yes,B1+,No,Not_sure,,Chrome,Linux,960,432,subj,adult,adult_consent,,8.678233333333333,42,Yes
0.97,cheese,food,round,plastic,shape,material,24,25-34,Español,Yes,No,Yes,B1+,No,Not_sure,,Chrome,Linux,960,432,subj,adult,adult_consent,,8.678233333333333,42,Yes
0.02,apple,food,rotten,long,age,size,25,25-34,Español,Yes,No,Yes,B1+,No,Not_sure,,Chrome,Linux,960,432,subj,adult,adult_consent,,8.678233333333333,42,Yes
0.89,tomato,food,new,short,age,size,26,25-34,Español,Yes,No,Yes,B1+,No,Not_sure,,Chrome,Linux,960,432,subj,adult,adult_consent,,8.678233333333333,42,Yes
0.03,couch,furniture,blue,rotten,color,age,27,25-34,Español,Yes,No,Yes,B1+,No,Not_sure,,Chrome,Linux,960,432,subj,adult,adult_consent,,8.678233333333333,42,Yes
0.94,apple,food,small,square,size,shape,28,25-34,Español,Yes,No,Yes,B1+,No,Not_sure,,Chrome,Linux,960,432,subj,adult,adult_consent,,8.678233333333333,42,Yes
0.98,chair,furniture,huge,good,size,quality,29,25-34,Español,Yes,No,Yes,B1+,No,Not_sure,,Chrome,Linux,960,432,subj,adult,adult_consent,,8.678233333333333,42,Yes
0.05,fan,furniture,rotten,short,age,size,30,25-34,Español,Yes,No,Yes,B1+,No,Not_sure,,Chrome,Linux,960,432,subj,adult,adult_consent,,8.678233333333333,42,Yes
0.02,banana,food,square,soft,shape,texture,31,25-34,Español,Yes,No,Yes,B1+,No,Not_sure,,Chrome,Linux,960,432,subj,adult,adult_consent,,8.678233333333333,42,Yes
0.36,carrot,food,green,smooth,color,texture,6,18-24,Español,Yes,No,Yes,A2,No,Only_basic,,Chrome,Linux,915,412,trad,adult,adult_consent,,7.452133333333333,43,Yes
0.77,banana,food,smooth,tiny,texture,size,7,18-24,Español,Yes,No,Yes,A2,No,Only_basic,,Chrome,Linux,915,412,trad,adult,adult_consent,,7.452133333333333,43,Yes
0.85,cheese,food,short,hard,size,texture,8,18-24,Español,Yes,No,Yes,A2,No,Only_basic,,Chrome,Linux,915,412,trad,adult,adult_consent,,7.452133333333333,43,Yes
0.81,apple,food,round,metal,shape,material,9,18-24,Español,Yes,No,Yes,A2,No,Only_basic,,Chrome,Linux,915,412,trad,adult,adult_consent,,7.452133333333333,43,Yes
0.83,carrot,food,new,tiny,age,size,10,18-24,Español,Yes,No,Yes,A2,No,Only_basic,,Chrome,Linux,915,412,trad,adult,adult_consent,,7.452133333333333,43,Yes
0.89,tomato,food,plastic,smooth,material,texture,11,18-24,Español,Yes,No,Yes,A2,No,Only_basic,,Chrome,Linux,915,412,trad,adult,adult_consent,,7.452133333333333,43,Yes
0.9,tomato,food,square,old,shape,age,12,18-24,Español,Yes,No,Yes,A2,No,Only_basic,,Chrome,Linux,915,412,trad,adult,adult_consent,,7.452133333333333,43,Yes
0.92,chair,furniture,smooth,brown,texture,color,13,18-24,Español,Yes,No,Yes,A2,No,Only_basic,,Chrome,Linux,915,412,trad,adult,adult_consent,,7.452133333333333,43,Yes
0.77,banana,food,good,old,quality,age,14,18-24,Español,Yes,No,Yes,A2,No,Only_basic,,Chrome,Linux,915,412,trad,adult,adult_consent,,7.452133333333333,43,Yes
0.9,carrot,food,purple,square,color,shape,15,18-24,Español,Yes,No,Yes,A2,No,Only_basic,,Chrome,Linux,915,412,trad,adult,adult_consent,,7.452133333333333,43,Yes
0.82,desk,furniture,short,wooden,size,material,16,18-24,Español,Yes,No,Yes,A2,No,Only_basic,,Chrome,Linux,915,412,trad,adult,adult_consent,,7.452133333333333,43,Yes
0.82,carrot,food,small,metal,size,material,17,18-24,Español,Yes,No,Yes,A2,No,Only_basic,,Chrome,Linux,915,412,trad,adult,adult_consent,,7.452133333333333,43,Yes
0.73,tomato,food,long,square,size,shape,18,18-24,Español,Yes,No,Yes,A2,No,Only_basic,,Chrome,Linux,915,412,trad,adult,adult_consent,,7.452133333333333,43,Yes
0.81,banana,food,bad,square,quality,shape,19,18-24,Español,Yes,No,Yes,A2,No,Only_basic,,Chrome,Linux,915,412,trad,adult,adult_consent,,7.452133333333333,43,Yes
0.85,fan,furniture,rotten,purple,age,color,20,18-24,Español,Yes,No,Yes,A2,No,Only_basic,,Chrome,Linux,915,412,trad,adult,adult_consent,,7.452133333333333,43,Yes
0.85,tomato,food,soft,blue,texture,color,21,18-24,Español,Yes,No,Yes,A2,No,Only_basic,,Chrome,Linux,915,412,trad,adult,adult_consent,,7.452133333333333,43,Yes
0.8,apple,food,long,blue,size,color,22,18-24,Español,Yes,No,Yes,A2,No,Only_basic,,Chrome,Linux,915,412,trad,adult,adult_consent,,7.452133333333333,43,Yes
0.13,apple,food,green,wooden,color,material,23,18-24,Español,Yes,No,Yes,A2,No,Only_basic,,Chrome,Linux,915,412,trad,adult,adult_consent,,7.452133333333333,43,Yes
0.08,fan,furniture,new,wooden,age,material,24,18-24,Español,Yes,No,Yes,A2,No,Only_basic,,Chrome,Linux,915,412,trad,adult,adult_consent,,7.452133333333333,43,Yes
0.1,banana,food,metal,green,material,color,25,18-24,Español,Yes,No,Yes,A2,No,Only_basic,,Chrome,Linux,915,412,trad,adult,adult_consent,,7.452133333333333,43,Yes
0.08,tomato,food,short,good,size,quality,26,18-24,Español,Yes,No,Yes,A2,No,Only_basic,,Chrome,Linux,915,412,trad,adult,adult_consent,,7.452133333333333,43,Yes
0.05,banana,food,blue,new,color,age,27,18-24,Español,Yes,No,Yes,A2,No,Only_basic,,Chrome,Linux,915,412,trad,adult,adult_consent,,7.452133333333333,43,Yes
0.04,apple,food,hard,round,texture,shape,28,18-24,Español,Yes,No,Yes,A2,No,Only_basic,,Chrome,Linux,915,412,trad,adult,adult_consent,,7.452133333333333,43,Yes
0.02,desk,furniture,fresh,metal,age,material,29,18-24,Español,Yes,No,Yes,A2,No,Only_basic,,Chrome,Linux,915,412,trad,adult,adult_consent,,7.452133333333333,43,Yes
0.12,desk,furniture,smooth,big,texture,size,30,18-24,Español,Yes,No,Yes,A2,No,Only_basic,,Chrome,Linux,915,412,trad,adult,adult_consent,,7.452133333333333,43,Yes
0.09,apple,food,metal,rotten,material,age,31,18-24,Español,Yes,No,Yes,A2,No,Only_basic,,Chrome,Linux,915,412,trad,adult,adult_consent,,7.452133333333333,43,Yes
0.99,couch,furniture,soft,old,texture,age,6,25-34,Español,Yes,No,Yes,B1,No,Not_sure,,Chrome,Linux,1130,509,subj,adult,adult_consent,,12.45155,44,Yes
0.01,banana,food,plastic,red,material,color,7,25-34,Español,Yes,No,Yes,B1,No,Not_sure,,Chrome,Linux,1130,509,subj,adult,adult_consent,,12.45155,44,Yes
0.04,desk,furniture,rotten,short,age,size,8,25-34,Español,Yes,No,Yes,B1,No,Not_sure,,Chrome,Linux,1130,509,subj,adult,adult_consent,,12.45155,44,Yes
0.03,tomato,food,yellow,new,color,age,9,25-34,Español,Yes,No,Yes,B1,No,Not_sure,,Chrome,Linux,1130,509,subj,adult,adult_consent,,12.45155,44,Yes
0.02,banana,food,blue,metal,color,material,10,25-34,Español,Yes,No,Yes,B1,No,Not_sure,,Chrome,Linux,1130,509,subj,adult,adult_consent,,12.45155,44,Yes
0.96,chair,furniture,green,metal,color,material,11,25-34,Español,Yes,No,Yes,B1,No,Not_sure,,Chrome,Linux,1130,509,subj,adult,adult_consent,,12.45155,44,Yes
0.98,carrot,food,tiny,rotten,size,age,12,25-34,Español,Yes,No,Yes,B1,No,Not_sure,,Chrome,Linux,1130,509,subj,adult,adult_consent,,12.45155,44,Yes
0.93,apple,food,big,brown,size,color,13,25-34,Español,Yes,No,Yes,B1,No,Not_sure,,Chrome,Linux,1130,509,subj,adult,adult_consent,,12.45155,44,Yes
0.98,desk,furniture,green,wooden,color,material,14,25-34,Español,Yes,No,Yes,B1,No,Not_sure,,Chrome,Linux,1130,509,subj,adult,adult_consent,,12.45155,44,Yes
0.02,tomato,food,round,good,shape,quality,15,25-34,Español,Yes,No,Yes,B1,No,Not_sure,,Chrome,Linux,1130,509,subj,adult,adult_consent,,12.45155,44,Yes
0.98,cheese,food,short,blue,size,color,16,25-34,Español,Yes,No,Yes,B1,No,Not_sure,,Chrome,Linux,1130,509,subj,adult,adult_consent,,12.45155,44,Yes
0.95,apple,food,good,fresh,quality,age,17,25-34,Español,Yes,No,Yes,B1,No,Not_sure,,Chrome,Linux,1130,509,subj,adult,adult_consent,,12.45155,44,Yes
0.97,fan,furniture,fresh,huge,age,size,18,25-34,Español,Yes,No,Yes,B1,No,Not_sure,,Chrome,Linux,1130,509,subj,adult,adult_consent,,12.45155,44,Yes
0.93,chair,furniture,red,rotten,color,age,19,25-34,Español,Yes,No,Yes,B1,No,Not_sure,,Chrome,Linux,1130,509,subj,adult,adult_consent,,12.45155,44,Yes
0.04,fan,furniture,fresh,big,age,size,20,25-34,Español,Yes,No,Yes,B1,No,Not_sure,,Chrome,Linux,1130,509,subj,adult,adult_consent,,12.45155,44,Yes
0.06,cheese,food,rotten,small,age,size,21,25-34,Español,Yes,No,Yes,B1,No,Not_sure,,Chrome,Linux,1130,509,subj,adult,adult_consent,,12.45155,44,Yes
0.91,cheese,food,small,green,size,color,22,25-34,Español,Yes,No,Yes,B1,No,Not_sure,,Chrome,Linux,1130,509,subj,adult,adult_consent,,12.45155,44,Yes
0.05,banana,food,soft,old,texture,age,23,25-34,Español,Yes,No,Yes,B1,No,Not_sure,,Chrome,Linux,1130,509,subj,adult,adult_consent,,12.45155,44,Yes
0.02,couch,furniture,purple,small,color,size,24,25-34,Español,Yes,No,Yes,B1,No,Not_sure,,Chrome,Linux,1130,509,subj,adult,adult_consent,,12.45155,44,Yes
0.02,TV,furniture,wooden,purple,material,color,25,25-34,Español,Yes,No,Yes,B1,No,Not_sure,,Chrome,Linux,1130,509,subj,adult,adult_consent,,12.45155,44,Yes
0.07,couch,furniture,plastic,blue,material,color,26,25-34,Español,Yes,No,Yes,B1,No,Not_sure,,Chrome,Linux,1130,509,subj,adult,adult_consent,,12.45155,44,Yes
0.97,banana,food,smooth,green,texture,color,27,25-34,Español,Yes,No,Yes,B1,No,Not_sure,,Chrome,Linux,1130,509,subj,adult,adult_consent,,12.45155,44,Yes
0.02,couch,furniture,metal,long,material,size,28,25-34,Español,Yes,No,Yes,B1,No,Not_sure,,Chrome,Linux,1130,509,subj,adult,adult_consent,,12.45155,44,Yes
0.9,chair,furniture,blue,rotten,color,age,29,25-34,Español,Yes,No,Yes,B1,No,Not_sure,,Chrome,Linux,1130,509,subj,adult,adult_consent,,12.45155,44,Yes
0.94,couch,furniture,small,new,size,age,30,25-34,Español,Yes,No,Yes,B1,No,Not_sure,,Chrome,Linux,1130,509,subj,adult,adult_consent,,12.45155,44,Yes
0.0,banana,food,yellow,metal,color,material,31,25-34,Español,Yes,No,Yes,B1,No,Not_sure,,Chrome,Linux,1130,509,subj,adult,adult_consent,,12.45155,44,Yes
0.99,chair,furniture,long,new,size,age,6,35_or_older,Español,Yes,No,Yes,B1+,No,Only_basic,Buen ejercitacion,Chrome,Linux,857,384,subj,adult,adult_consent,,18.75925,45,Confused
0.95,couch,furniture,metal,rotten,material,age,7,35_or_older,Español,Yes,No,Yes,B1+,No,Only_basic,Buen ejercitacion,Chrome,Linux,857,384,subj,adult,adult_consent,,18.75925,45,Confused
0.12,TV,furniture,huge,bad,size,quality,8,35_or_older,Español,Yes,No,Yes,B1+,No,Only_basic,Buen ejercitacion,Chrome,Linux,857,384,subj,adult,adult_consent,,18.75925,45,Confused
0.96,tomato,food,small,old,size,age,9,35_or_older,Español,Yes,No,Yes,B1+,No,Only_basic,Buen ejercitacion,Chrome,Linux,857,384,subj,adult,adult_consent,,18.75925,45,Confused
0.16,fan,furniture,huge,old,size,age,10,35_or_older,Español,Yes,No,Yes,B1+,No,Only_basic,Buen ejercitacion,Chrome,Linux,857,384,subj,adult,adult_consent,,18.75925,45,Confused
0.06,fan,furniture,yellow,hard,color,texture,11,35_or_older,Español,Yes,No,Yes,B1+,No,Only_basic,Buen ejercitacion,Chrome,Linux,857,384,subj,adult,adult_consent,,18.75925,45,Confused
0.89,apple,food,tiny,good,size,quality,12,35_or_older,Español,Yes,No,Yes,B1+,No,Only_basic,Buen ejercitacion,Chrome,Linux,857,384,subj,adult,adult_consent,,18.75925,45,Confused
0.91,tomato,food,big,plastic,size,material,13,35_or_older,Español,Yes,No,Yes,B1+,No,Only_basic,Buen ejercitacion,Chrome,Linux,857,384,subj,adult,adult_consent,,18.75925,45,Confused
0.97,carrot,food,wooden,small,material,size,14,35_or_older,Español,Yes,No,Yes,B1+,No,Only_basic,Buen ejercitacion,Chrome,Linux,857,384,subj,adult,adult_consent,,18.75925,45,Confused
0.99,carrot,food,rotten,good,age,quality,15,35_or_older,Español,Yes,No,Yes,B1+,No,Only_basic,Buen ejercitacion,Chrome,Linux,857,384,subj,adult,adult_consent,,18.75925,45,Confused
0.16,carrot,food,soft,brown,texture,color,16,35_or_older,Español,Yes,No,Yes,B1+,No,Only_basic,Buen ejercitacion,Chrome,Linux,857,384,subj,adult,adult_consent,,18.75925,45,Confused
0.95,TV,furniture,tiny,hard,size,texture,17,35_or_older,Español,Yes,No,Yes,B1+,No,Only_basic,Buen ejercitacion,Chrome,Linux,857,384,subj,adult,adult_consent,,18.75925,45,Confused
0.91,tomato,food,tiny,square,size,shape,18,35_or_older,Español,Yes,No,Yes,B1+,No,Only_basic,Buen ejercitacion,Chrome,Linux,857,384,subj,adult,adult_consent,,18.75925,45,Confused
0.96,desk,furniture,square,big,shape,size,19,35_or_older,Español,Yes,No,Yes,B1+,No,Only_basic,Buen ejercitacion,Chrome,Linux,857,384,subj,adult,adult_consent,,18.75925,45,Confused
0.87,apple,food,bad,plastic,quality,material,20,35_or_older,Español,Yes,No,Yes,B1+,No,Only_basic,Buen ejercitacion,Chrome,Linux,857,384,subj,adult,adult_consent,,18.75925,45,Confused
0.2,apple,food,new,round,age,shape,21,35_or_older,Español,Yes,No,Yes,B1+,No,Only_basic,Buen ejercitacion,Chrome,Linux,857,384,subj,adult,adult_consent,,18.75925,45,Confused
0.85,carrot,food,small,soft,size,texture,22,35_or_older,Español,Yes,No,Yes,B1+,No,Only_basic,Buen ejercitacion,Chrome,Linux,857,384,subj,adult,adult_consent,,18.75925,45,Confused
0.93,tomato,food,metal,red,material,color,23,35_or_older,Español,Yes,No,Yes,B1+,No,Only_basic,Buen ejercitacion,Chrome,Linux,857,384,subj,adult,adult_consent,,18.75925,45,Confused
0.08,chair,furniture,tiny,blue,size,color,24,35_or_older,Español,Yes,No,Yes,B1+,No,Only_basic,Buen ejercitacion,Chrome,Linux,857,384,subj,adult,adult_consent,,18.75925,45,Confused
0.93,desk,furniture,short,yellow,size,color,25,35_or_older,Español,Yes,No,Yes,B1+,No,Only_basic,Buen ejercitacion,Chrome,Linux,857,384,subj,adult,adult_consent,,18.75925,45,Confused
0.91,tomato,food,metal,rotten,material,age,26,35_or_older,Español,Yes,No,Yes,B1+,No,Only_basic,Buen ejercitacion,Chrome,Linux,857,384,subj,adult,adult_consent,,18.75925,45,Confused
0.95,fan,furniture,big,plastic,size,material,27,35_or_older,Español,Yes,No,Yes,B1+,No,Only_basic,Buen ejercitacion,Chrome,Linux,857,384,subj,adult,adult_consent,,18.75925,45,Confused
0.93,apple,food,bad,hard,quality,texture,28,35_or_older,Español,Yes,No,Yes,B1+,No,Only_basic,Buen ejercitacion,Chrome,Linux,857,384,subj,adult,adult_consent,,18.75925,45,Confused
0.12,apple,food,new,good,age,quality,29,35_or_older,Español,Yes,No,Yes,B1+,No,Only_basic,Buen ejercitacion,Chrome,Linux,857,384,subj,adult,adult_consent,,18.75925,45,Confused
0.95,chair,furniture,good,blue,quality,color,30,35_or_older,Español,Yes,No,Yes,B1+,No,Only_basic,Buen ejercitacion,Chrome,Linux,857,384,subj,adult,adult_consent,,18.75925,45,Confused
0.92,couch,furniture,square,tiny,shape,size,31,35_or_older,Español,Yes,No,Yes,B1+,No,Only_basic,Buen ejercitacion,Chrome,Linux,857,384,subj,adult,adult_consent,,18.75925,45,Confused
0.16,fan,furniture,fresh,hard,age,texture,6,18-24,español,Yes,Yes,No,A1,No,No,,Chrome,Linux,942,424,trad,adult,adult_consent,,10.174733333333334,46,Yes
0.21,chair,furniture,square,smooth,shape,texture,7,18-24,español,Yes,Yes,No,A1,No,No,,Chrome,Linux,942,424,trad,adult,adult_consent,,10.174733333333334,46,Yes
0.94,desk,furniture,hard,purple,texture,color,8,18-24,español,Yes,Yes,No,A1,No,No,,Chrome,Linux,942,424,trad,adult,adult_consent,,10.174733333333334,46,Yes
0.96,banana,food,green,soft,color,texture,9,18-24,español,Yes,Yes,No,A1,No,No,,Chrome,Linux,942,424,trad,adult,adult_consent,,10.174733333333334,46,Yes
0.14,banana,food,small,square,size,shape,10,18-24,español,Yes,Yes,No,A1,No,No,,Chrome,Linux,942,424,trad,adult,adult_consent,,10.174733333333334,46,Yes
0.9,cheese,food,square,wooden,shape,material,11,18-24,español,Yes,Yes,No,A1,No,No,,Chrome,Linux,942,424,trad,adult,adult_consent,,10.174733333333334,46,Yes
0.16,fan,furniture,plastic,fresh,material,age,12,18-24,español,Yes,Yes,No,A1,No,No,,Chrome,Linux,942,424,trad,adult,adult_consent,,10.174733333333334,46,Yes
0.87,tomato,food,big,good,size,quality,13,18-24,español,Yes,Yes,No,A1,No,No,,Chrome,Linux,942,424,trad,adult,adult_consent,,10.174733333333334,46,Yes
0.18,desk,furniture,bad,metal,quality,material,14,18-24,español,Yes,Yes,No,A1,No,No,,Chrome,Linux,942,424,trad,adult,adult_consent,,10.174733333333334,46,Yes
0.88,fan,furniture,green,soft,color,texture,15,18-24,español,Yes,Yes,No,A1,No,No,,Chrome,Linux,942,424,trad,adult,adult_consent,,10.174733333333334,46,Yes
0.11,fan,furniture,rotten,short,age,size,16,18-24,español,Yes,Yes,No,A1,No,No,,Chrome,Linux,942,424,trad,adult,adult_consent,,10.174733333333334,46,Yes
0.07,carrot,food,soft,yellow,texture,color,17,18-24,español,Yes,Yes,No,A1,No,No,,Chrome,Linux,942,424,trad,adult,adult_consent,,10.174733333333334,46,Yes
0.87,carrot,food,wooden,blue,material,color,18,18-24,español,Yes,Yes,No,A1,No,No,,Chrome,Linux,942,424,trad,adult,adult_consent,,10.174733333333334,46,Yes
0.82,tomato,food,fresh,plastic,age,material,19,18-24,español,Yes,Yes,No,A1,No,No,,Chrome,Linux,942,424,trad,adult,adult_consent,,10.174733333333334,46,Yes
0.12,tomato,food,smooth,brown,texture,color,20,18-24,español,Yes,Yes,No,A1,No,No,,Chrome,Linux,942,424,trad,adult,adult_consent,,10.174733333333334,46,Yes
0.75,couch,furniture,red,big,color,size,21,18-24,español,Yes,Yes,No,A1,No,No,,Chrome,Linux,942,424,trad,adult,adult_consent,,10.174733333333334,46,Yes
0.13,banana,food,big,smooth,size,texture,22,18-24,español,Yes,Yes,No,A1,No,No,,Chrome,Linux,942,424,trad,adult,adult_consent,,10.174733333333334,46,Yes
0.92,couch,furniture,blue,old,color,age,23,18-24,español,Yes,Yes,No,A1,No,No,,Chrome,Linux,942,424,trad,adult,adult_consent,,10.174733333333334,46,Yes
0.14,chair,furniture,hard,tiny,texture,size,24,18-24,español,Yes,Yes,No,A1,No,No,,Chrome,Linux,942,424,trad,adult,adult_consent,,10.174733333333334,46,Yes
0.96,TV,furniture,small,smooth,size,texture,25,18-24,español,Yes,Yes,No,A1,No,No,,Chrome,Linux,942,424,trad,adult,adult_consent,,10.174733333333334,46,Yes
0.12,TV,furniture,fresh,bad,age,quality,26,18-24,español,Yes,Yes,No,A1,No,No,,Chrome,Linux,942,424,trad,adult,adult_consent,,10.174733333333334,46,Yes
0.97,fan,furniture,hard,yellow,texture,color,27,18-24,español,Yes,Yes,No,A1,No,No,,Chrome,Linux,942,424,trad,adult,adult_consent,,10.174733333333334,46,Yes
0.14,fan,furniture,long,new,size,age,28,18-24,español,Yes,Yes,No,A1,No,No,,Chrome,Linux,942,424,trad,adult,adult_consent,,10.174733333333334,46,Yes
0.85,fan,furniture,new,bad,age,quality,29,18-24,español,Yes,Yes,No,A1,No,No,,Chrome,Linux,942,424,trad,adult,adult_consent,,10.174733333333334,46,Yes
0.14,desk,furniture,hard,red,texture,color,30,18-24,español,Yes,Yes,No,A1,No,No,,Chrome,Linux,942,424,trad,adult,adult_consent,,10.174733333333334,46,Yes
0.83,apple,food,blue,old,color,age,31,18-24,español,Yes,Yes,No,A1,No,No,,Chrome,Linux,942,424,trad,adult,adult_consent,,10.174733333333334,46,Yes
0.96,carrot,food,metal,soft,material,texture,6,18-24,Español,Yes,Yes,No,A2,No,Only_basic,"Me encanta estas encuentas,me ayuda en el ingles",Chrome,Linux,832,384,subj,adult,adult_consent,,7.125633333333333,47,Yes
0.95,desk,furniture,metal,good,material,quality,7,18-24,Español,Yes,Yes,No,A2,No,Only_basic,"Me encanta estas encuentas,me ayuda en el ingles",Chrome,Linux,832,384,subj,adult,adult_consent,,7.125633333333333,47,Yes
0.06,TV,furniture,plastic,brown,material,color,8,18-24,Español,Yes,Yes,No,A2,No,Only_basic,"Me encanta estas encuentas,me ayuda en el ingles",Chrome,Linux,832,384,subj,adult,adult_consent,,7.125633333333333,47,Yes
0.95,couch,furniture,good,small,quality,size,9,18-24,Español,Yes,Yes,No,A2,No,Only_basic,"Me encanta estas encuentas,me ayuda en el ingles",Chrome,Linux,832,384,subj,adult,adult_consent,,7.125633333333333,47,Yes
0.97,couch,furniture,purple,good,color,quality,10,18-24,Español,Yes,Yes,No,A2,No,Only_basic,"Me encanta estas encuentas,me ayuda en el ingles",Chrome,Linux,832,384,subj,adult,adult_consent,,7.125633333333333,47,Yes
0.96,tomato,food,bad,long,quality,size,11,18-24,Español,Yes,Yes,No,A2,No,Only_basic,"Me encanta estas encuentas,me ayuda en el ingles",Chrome,Linux,832,384,subj,adult,adult_consent,,7.125633333333333,47,Yes
0.17,banana,food,wooden,huge,material,size,12,18-24,Español,Yes,Yes,No,A2,No,Only_basic,"Me encanta estas encuentas,me ayuda en el ingles",Chrome,Linux,832,384,subj,adult,adult_consent,,7.125633333333333,47,Yes
0.93,carrot,food,new,tiny,age,size,13,18-24,Español,Yes,Yes,No,A2,No,Only_basic,"Me encanta estas encuentas,me ayuda en el ingles",Chrome,Linux,832,384,subj,adult,adult_consent,,7.125633333333333,47,Yes
0.94,apple,food,purple,huge,color,size,14,18-24,Español,Yes,Yes,No,A2,No,Only_basic,"Me encanta estas encuentas,me ayuda en el ingles",Chrome,Linux,832,384,subj,adult,adult_consent,,7.125633333333333,47,Yes
0.06,apple,food,small,purple,size,color,15,18-24,Español,Yes,Yes,No,A2,No,Only_basic,"Me encanta estas encuentas,me ayuda en el ingles",Chrome,Linux,832,384,subj,adult,adult_consent,,7.125633333333333,47,Yes
0.09,chair,furniture,metal,bad,material,quality,16,18-24,Español,Yes,Yes,No,A2,No,Only_basic,"Me encanta estas encuentas,me ayuda en el ingles",Chrome,Linux,832,384,subj,adult,adult_consent,,7.125633333333333,47,Yes
0.94,cheese,food,hard,small,texture,size,17,18-24,Español,Yes,Yes,No,A2,No,Only_basic,"Me encanta estas encuentas,me ayuda en el ingles",Chrome,Linux,832,384,subj,adult,adult_consent,,7.125633333333333,47,Yes
0.93,desk,furniture,long,metal,size,material,18,18-24,Español,Yes,Yes,No,A2,No,Only_basic,"Me encanta estas encuentas,me ayuda en el ingles",Chrome,Linux,832,384,subj,adult,adult_consent,,7.125633333333333,47,Yes
0.1,cheese,food,fresh,small,age,size,19,18-24,Español,Yes,Yes,No,A2,No,Only_basic,"Me encanta estas encuentas,me ayuda en el ingles",Chrome,Linux,832,384,subj,adult,adult_consent,,7.125633333333333,47,Yes
0.99,couch,furniture,metal,blue,material,color,20,18-24,Español,Yes,Yes,No,A2,No,Only_basic,"Me encanta estas encuentas,me ayuda en el ingles",Chrome,Linux,832,384,subj,adult,adult_consent,,7.125633333333333,47,Yes
0.95,desk,furniture,short,hard,size,texture,21,18-24,Español,Yes,Yes,No,A2,No,Only_basic,"Me encanta estas encuentas,me ayuda en el ingles",Chrome,Linux,832,384,subj,adult,adult_consent,,7.125633333333333,47,Yes
0.98,TV,furniture,purple,hard,color,texture,22,18-24,Español,Yes,Yes,No,A2,No,Only_basic,"Me encanta estas encuentas,me ayuda en el ingles",Chrome,Linux,832,384,subj,adult,adult_consent,,7.125633333333333,47,Yes
0.08,desk,furniture,brown,plastic,color,material,23,18-24,Español,Yes,Yes,No,A2,No,Only_basic,"Me encanta estas encuentas,me ayuda en el ingles",Chrome,Linux,832,384,subj,adult,adult_consent,,7.125633333333333,47,Yes
0.02,couch,furniture,blue,good,color,quality,24,18-24,Español,Yes,Yes,No,A2,No,Only_basic,"Me encanta estas encuentas,me ayuda en el ingles",Chrome,Linux,832,384,subj,adult,adult_consent,,7.125633333333333,47,Yes
0.09,carrot,food,soft,big,texture,size,25,18-24,Español,Yes,Yes,No,A2,No,Only_basic,"Me encanta estas encuentas,me ayuda en el ingles",Chrome,Linux,832,384,subj,adult,adult_consent,,7.125633333333333,47,Yes
0.98,chair,furniture,brown,tiny,color,size,26,18-24,Español,Yes,Yes,No,A2,No,Only_basic,"Me encanta estas encuentas,me ayuda en el ingles",Chrome,Linux,832,384,subj,adult,adult_consent,,7.125633333333333,47,Yes
0.03,TV,furniture,blue,old,color,age,27,18-24,Español,Yes,Yes,No,A2,No,Only_basic,"Me encanta estas encuentas,me ayuda en el ingles",Chrome,Linux,832,384,subj,adult,adult_consent,,7.125633333333333,47,Yes
0.93,carrot,food,good,small,quality,size,28,18-24,Español,Yes,Yes,No,A2,No,Only_basic,"Me encanta estas encuentas,me ayuda en el ingles",Chrome,Linux,832,384,subj,adult,adult_consent,,7.125633333333333,47,Yes
0.11,carrot,food,metal,fresh,material,age,29,18-24,Español,Yes,Yes,No,A2,No,Only_basic,"Me encanta estas encuentas,me ayuda en el ingles",Chrome,Linux,832,384,subj,adult,adult_consent,,7.125633333333333,47,Yes
0.95,cheese,food,old,square,age,shape,30,18-24,Español,Yes,Yes,No,A2,No,Only_basic,"Me encanta estas encuentas,me ayuda en el ingles",Chrome,Linux,832,384,subj,adult,adult_consent,,7.125633333333333,47,Yes
0.95,carrot,food,old,purple,age,color,31,18-24,Español,Yes,Yes,No,A2,No,Only_basic,"Me encanta estas encuentas,me ayuda en el ingles",Chrome,Linux,832,384,subj,adult,adult_consent,,7.125633333333333,47,Yes
0.96,carrot,food,blue,tiny,color,size,6,18-24,Español,Yes,No,Yes,A2,No,Only_basic,,Chrome,Linux,922,412,trad,adult,adult_consent,,12.768166666666668,48,Yes
0.05,desk,furniture,red,new,color,age,7,18-24,Español,Yes,No,Yes,A2,No,Only_basic,,Chrome,Linux,922,412,trad,adult,adult_consent,,12.768166666666668,48,Yes
0.92,couch,furniture,good,rotten,quality,age,8,18-24,Español,Yes,No,Yes,A2,No,Only_basic,,Chrome,Linux,922,412,trad,adult,adult_consent,,12.768166666666668,48,Yes
0.01,TV,furniture,wooden,rotten,material,age,9,18-24,Español,Yes,No,Yes,A2,No,Only_basic,,Chrome,Linux,922,412,trad,adult,adult_consent,,12.768166666666668,48,Yes
0.01,tomato,food,old,purple,age,color,10,18-24,Español,Yes,No,Yes,A2,No,Only_basic,,Chrome,Linux,922,412,trad,adult,adult_consent,,12.768166666666668,48,Yes
0.78,cheese,food,good,huge,quality,size,11,18-24,Español,Yes,No,Yes,A2,No,Only_basic,,Chrome,Linux,922,412,trad,adult,adult_consent,,12.768166666666668,48,Yes
0.03,TV,furniture,blue,wooden,color,material,12,18-24,Español,Yes,No,Yes,A2,No,Only_basic,,Chrome,Linux,922,412,trad,adult,adult_consent,,12.768166666666668,48,Yes
0.93,cheese,food,huge,rotten,size,age,13,18-24,Español,Yes,No,Yes,A2,No,Only_basic,,Chrome,Linux,922,412,trad,adult,adult_consent,,12.768166666666668,48,Yes
0.05,carrot,food,old,huge,age,size,14,18-24,Español,Yes,No,Yes,A2,No,Only_basic,,Chrome,Linux,922,412,trad,adult,adult_consent,,12.768166666666668,48,Yes
0.0,banana,food,yellow,short,color,size,15,18-24,Español,Yes,No,Yes,A2,No,Only_basic,,Chrome,Linux,922,412,trad,adult,adult_consent,,12.768166666666668,48,Yes
0.99,couch,furniture,green,tiny,color,size,16,18-24,Español,Yes,No,Yes,A2,No,Only_basic,,Chrome,Linux,922,412,trad,adult,adult_consent,,12.768166666666668,48,Yes
0.95,desk,furniture,red,long,color,size,17,18-24,Español,Yes,No,Yes,A2,No,Only_basic,,Chrome,Linux,922,412,trad,adult,adult_consent,,12.768166666666668,48,Yes
0.09,couch,furniture,fresh,round,age,shape,18,18-24,Español,Yes,No,Yes,A2,No,Only_basic,,Chrome,Linux,922,412,trad,adult,adult_consent,,12.768166666666668,48,Yes
0.89,chair,furniture,green,smooth,color,texture,19,18-24,Español,Yes,No,Yes,A2,No,Only_basic,,Chrome,Linux,922,412,trad,adult,adult_consent,,12.768166666666668,48,Yes
0.07,chair,furniture,green,tiny,color,size,20,18-24,Español,Yes,No,Yes,A2,No,Only_basic,,Chrome,Linux,922,412,trad,adult,adult_consent,,12.768166666666668,48,Yes
0.02,banana,food,plastic,fresh,material,age,21,18-24,Español,Yes,No,Yes,A2,No,Only_basic,,Chrome,Linux,922,412,trad,adult,adult_consent,,12.768166666666668,48,Yes
0.96,fan,furniture,short,bad,size,quality,22,18-24,Español,Yes,No,Yes,A2,No,Only_basic,,Chrome,Linux,922,412,trad,adult,adult_consent,,12.768166666666668,48,Yes
0.96,tomato,food,bad,new,quality,age,23,18-24,Español,Yes,No,Yes,A2,No,Only_basic,,Chrome,Linux,922,412,trad,adult,adult_consent,,12.768166666666668,48,Yes
0.13,cheese,food,soft,tiny,texture,size,24,18-24,Español,Yes,No,Yes,A2,No,Only_basic,,Chrome,Linux,922,412,trad,adult,adult_consent,,12.768166666666668,48,Yes
0.93,couch,furniture,old,blue,age,color,25,18-24,Español,Yes,No,Yes,A2,No,Only_basic,,Chrome,Linux,922,412,trad,adult,adult_consent,,12.768166666666668,48,Yes
0.86,cheese,food,old,green,age,color,26,18-24,Español,Yes,No,Yes,A2,No,Only_basic,,Chrome,Linux,922,412,trad,adult,adult_consent,,12.768166666666668,48,Yes
0.05,desk,furniture,metal,rotten,material,age,27,18-24,Español,Yes,No,Yes,A2,No,Only_basic,,Chrome,Linux,922,412,trad,adult,adult_consent,,12.768166666666668,48,Yes
0.91,cheese,food,big,good,size,quality,28,18-24,Español,Yes,No,Yes,A2,No,Only_basic,,Chrome,Linux,922,412,trad,adult,adult_consent,,12.768166666666668,48,Yes
0.9,fan,furniture,hard,round,texture,shape,29,18-24,Español,Yes,No,Yes,A2,No,Only_basic,,Chrome,Linux,922,412,trad,adult,adult_consent,,12.768166666666668,48,Yes
0.07,chair,furniture,good,soft,quality,texture,30,18-24,Español,Yes,No,Yes,A2,No,Only_basic,,Chrome,Linux,922,412,trad,adult,adult_consent,,12.768166666666668,48,Yes
0.97,cheese,food,bad,smooth,quality,texture,31,18-24,Español,Yes,No,Yes,A2,No,Only_basic,,Chrome,Linux,922,412,trad,adult,adult_consent,,12.768166666666668,48,Yes
0.92,carrot,food,square,rotten,shape,age,6,35_or_older,Castellano,Yes,No,No,Not_sure,No,No,"Nunca es tarde para aprender, gracias",Chrome,Linux,832,384,subj,adult,adult_consent,,18.971,49,Confused
0.91,carrot,food,purple,fresh,color,age,7,35_or_older,Castellano,Yes,No,No,Not_sure,No,No,"Nunca es tarde para aprender, gracias",Chrome,Linux,832,384,subj,adult,adult_consent,,18.971,49,Confused
0.87,carrot,food,good,hard,quality,texture,8,35_or_older,Castellano,Yes,No,No,Not_sure,No,No,"Nunca es tarde para aprender, gracias",Chrome,Linux,832,384,subj,adult,adult_consent,,18.971,49,Confused
0.9,carrot,food,small,brown,size,color,9,35_or_older,Castellano,Yes,No,No,Not_sure,No,No,"Nunca es tarde para aprender, gracias",Chrome,Linux,832,384,subj,adult,adult_consent,,18.971,49,Confused
0.1,chair,furniture,small,fresh,size,age,10,35_or_older,Castellano,Yes,No,No,Not_sure,No,No,"Nunca es tarde para aprender, gracias",Chrome,Linux,832,384,subj,adult,adult_consent,,18.971,49,Confused
0.92,fan,furniture,red,small,color,size,11,35_or_older,Castellano,Yes,No,No,Not_sure,No,No,"Nunca es tarde para aprender, gracias",Chrome,Linux,832,384,subj,adult,adult_consent,,18.971,49,Confused
0.83,carrot,food,tiny,round,size,shape,12,35_or_older,Castellano,Yes,No,No,Not_sure,No,No,"Nunca es tarde para aprender, gracias",Chrome,Linux,832,384,subj,adult,adult_consent,,18.971,49,Confused
0.94,carrot,food,new,red,age,color,13,35_or_older,Castellano,Yes,No,No,Not_sure,No,No,"Nunca es tarde para aprender, gracias",Chrome,Linux,832,384,subj,adult,adult_consent,,18.971,49,Confused
0.13,couch,furniture,fresh,brown,age,color,14,35_or_older,Castellano,Yes,No,No,Not_sure,No,No,"Nunca es tarde para aprender, gracias",Chrome,Linux,832,384,subj,adult,adult_consent,,18.971,49,Confused
0.95,tomato,food,metal,hard,material,texture,15,35_or_older,Castellano,Yes,No,No,Not_sure,No,No,"Nunca es tarde para aprender, gracias",Chrome,Linux,832,384,subj,adult,adult_consent,,18.971,49,Confused
0.1,couch,furniture,tiny,metal,size,material,16,35_or_older,Castellano,Yes,No,No,Not_sure,No,No,"Nunca es tarde para aprender, gracias",Chrome,Linux,832,384,subj,adult,adult_consent,,18.971,49,Confused
0.91,TV,furniture,old,bad,age,quality,17,35_or_older,Castellano,Yes,No,No,Not_sure,No,No,"Nunca es tarde para aprender, gracias",Chrome,Linux,832,384,subj,adult,adult_consent,,18.971,49,Confused
0.97,carrot,food,purple,soft,color,texture,18,35_or_older,Castellano,Yes,No,No,Not_sure,No,No,"Nunca es tarde para aprender, gracias",Chrome,Linux,832,384,subj,adult,adult_consent,,18.971,49,Confused
0.96,carrot,food,soft,metal,texture,material,19,35_or_older,Castellano,Yes,No,No,Not_sure,No,No,"Nunca es tarde para aprender, gracias",Chrome,Linux,832,384,subj,adult,adult_consent,,18.971,49,Confused
0.87,apple,food,purple,hard,color,texture,20,35_or_older,Castellano,Yes,No,No,Not_sure,No,No,"Nunca es tarde para aprender, gracias",Chrome,Linux,832,384,subj,adult,adult_consent,,18.971,49,Confused
0.91,TV,furniture,plastic,huge,material,size,21,35_or_older,Castellano,Yes,No,No,Not_sure,No,No,"Nunca es tarde para aprender, gracias",Chrome,Linux,832,384,subj,adult,adult_consent,,18.971,49,Confused
0.89,carrot,food,square,huge,shape,size,22,35_or_older,Castellano,Yes,No,No,Not_sure,No,No,"Nunca es tarde para aprender, gracias",Chrome,Linux,832,384,subj,adult,adult_consent,,18.971,49,Confused
0.18,apple,food,huge,smooth,size,texture,23,35_or_older,Castellano,Yes,No,No,Not_sure,No,No,"Nunca es tarde para aprender, gracias",Chrome,Linux,832,384,subj,adult,adult_consent,,18.971,49,Confused
0.97,carrot,food,plastic,huge,material,size,24,35_or_older,Castellano,Yes,No,No,Not_sure,No,No,"Nunca es tarde para aprender, gracias",Chrome,Linux,832,384,subj,adult,adult_consent,,18.971,49,Confused
0.99,banana,food,green,good,color,quality,25,35_or_older,Castellano,Yes,No,No,Not_sure,No,No,"Nunca es tarde para aprender, gracias",Chrome,Linux,832,384,subj,adult,adult_consent,,18.971,49,Confused
0.9,chair,furniture,long,new,size,age,26,35_or_older,Castellano,Yes,No,No,Not_sure,No,No,"Nunca es tarde para aprender, gracias",Chrome,Linux,832,384,subj,adult,adult_consent,,18.971,49,Confused
0.93,chair,furniture,fresh,purple,age,color,27,35_or_older,Castellano,Yes,No,No,Not_sure,No,No,"Nunca es tarde para aprender, gracias",Chrome,Linux,832,384,subj,adult,adult_consent,,18.971,49,Confused
0.11,TV,furniture,fresh,wooden,age,material,28,35_or_older,Castellano,Yes,No,No,Not_sure,No,No,"Nunca es tarde para aprender, gracias",Chrome,Linux,832,384,subj,adult,adult_consent,,18.971,49,Confused
0.09,desk,furniture,wooden,old,material,age,29,35_or_older,Castellano,Yes,No,No,Not_sure,No,No,"Nunca es tarde para aprender, gracias",Chrome,Linux,832,384,subj,adult,adult_consent,,18.971,49,Confused
0.1,tomato,food,fresh,smooth,age,texture,30,35_or_older,Castellano,Yes,No,No,Not_sure,No,No,"Nunca es tarde para aprender, gracias",Chrome,Linux,832,384,subj,adult,adult_consent,,18.971,49,Confused
0.93,chair,furniture,square,big,shape,size,31,35_or_older,Castellano,Yes,No,No,Not_sure,No,No,"Nunca es tarde para aprender, gracias",Chrome,Linux,832,384,subj,adult,adult_consent,,18.971,49,Confused
0.86,tomato,food,red,hard,color,texture,6,18-24,Español,Yes,No,Yes,A2,No,Yes_detailed,,Chrome,Linux,960,432,subj,adult,adult_consent,,30.035616666666666,50,Confused
0.67,chair,furniture,square,purple,shape,color,7,18-24,Español,Yes,No,Yes,A2,No,Yes_detailed,,Chrome,Linux,960,432,subj,adult,adult_consent,,30.035616666666666,50,Confused
0.36,couch,furniture,round,yellow,shape,color,8,18-24,Español,Yes,No,Yes,A2,No,Yes_detailed,,Chrome,Linux,960,432,subj,adult,adult_consent,,30.035616666666666,50,Confused
0.71,chair,furniture,green,good,color,quality,9,18-24,Español,Yes,No,Yes,A2,No,Yes_detailed,,Chrome,Linux,960,432,subj,adult,adult_consent,,30.035616666666666,50,Confused
0.26,carrot,food,blue,square,color,shape,10,18-24,Español,Yes,No,Yes,A2,No,Yes_detailed,,Chrome,Linux,960,432,subj,adult,adult_consent,,30.035616666666666,50,Confused
0.72,desk,furniture,huge,old,size,age,11,18-24,Español,Yes,No,Yes,A2,No,Yes_detailed,,Chrome,Linux,960,432,subj,adult,adult_consent,,30.035616666666666,50,Confused
0.2,fan,furniture,brown,old,color,age,12,18-24,Español,Yes,No,Yes,A2,No,Yes_detailed,,Chrome,Linux,960,432,subj,adult,adult_consent,,30.035616666666666,50,Confused
0.72,fan,furniture,huge,brown,size,color,13,18-24,Español,Yes,No,Yes,A2,No,Yes_detailed,,Chrome,Linux,960,432,subj,adult,adult_consent,,30.035616666666666,50,Confused
0.8,apple,food,purple,plastic,color,material,14,18-24,Español,Yes,No,Yes,A2,No,Yes_detailed,,Chrome,Linux,960,432,subj,adult,adult_consent,,30.035616666666666,50,Confused
0.73,chair,furniture,metal,square,material,shape,15,18-24,Español,Yes,No,Yes,A2,No,Yes_detailed,,Chrome,Linux,960,432,subj,adult,adult_consent,,30.035616666666666,50,Confused
0.26,chair,furniture,square,bad,shape,quality,16,18-24,Español,Yes,No,Yes,A2,No,Yes_detailed,,Chrome,Linux,960,432,subj,adult,adult_consent,,30.035616666666666,50,Confused
0.77,TV,furniture,purple,old,color,age,17,18-24,Español,Yes,No,Yes,A2,No,Yes_detailed,,Chrome,Linux,960,432,subj,adult,adult_consent,,30.035616666666666,50,Confused
0.79,carrot,food,small,rotten,size,age,18,18-24,Español,Yes,No,Yes,A2,No,Yes_detailed,,Chrome,Linux,960,432,subj,adult,adult_consent,,30.035616666666666,50,Confused
0.11,banana,food,rotten,green,age,color,19,18-24,Español,Yes,No,Yes,A2,No,Yes_detailed,,Chrome,Linux,960,432,subj,adult,adult_consent,,30.035616666666666,50,Confused
0.85,couch,furniture,long,round,size,shape,20,18-24,Español,Yes,No,Yes,A2,No,Yes_detailed,,Chrome,Linux,960,432,subj,adult,adult_consent,,30.035616666666666,50,Confused
0.62,banana,food,rotten,short,age,size,21,18-24,Español,Yes,No,Yes,A2,No,Yes_detailed,,Chrome,Linux,960,432,subj,adult,adult_consent,,30.035616666666666,50,Confused
0.23,carrot,food,small,soft,size,texture,22,18-24,Español,Yes,No,Yes,A2,No,Yes_detailed,,Chrome,Linux,960,432,subj,adult,adult_consent,,30.035616666666666,50,Confused
0.64,tomato,food,long,square,size,shape,23,18-24,Español,Yes,No,Yes,A2,No,Yes_detailed,,Chrome,Linux,960,432,subj,adult,adult_consent,,30.035616666666666,50,Confused
0.38,TV,furniture,brown,round,color,shape,24,18-24,Español,Yes,No,Yes,A2,No,Yes_detailed,,Chrome,Linux,960,432,subj,adult,adult_consent,,30.035616666666666,50,Confused
0.67,cheese,food,green,good,color,quality,25,18-24,Español,Yes,No,Yes,A2,No,Yes_detailed,,Chrome,Linux,960,432,subj,adult,adult_consent,,30.035616666666666,50,Confused
0.35,cheese,food,brown,huge,color,size,26,18-24,Español,Yes,No,Yes,A2,No,Yes_detailed,,Chrome,Linux,960,432,subj,adult,adult_consent,,30.035616666666666,50,Confused
0.73,tomato,food,green,wooden,color,material,27,18-24,Español,Yes,No,Yes,A2,No,Yes_detailed,,Chrome,Linux,960,432,subj,adult,adult_consent,,30.035616666666666,50,Confused
0.34,banana,food,wooden,square,material,shape,28,18-24,Español,Yes,No,Yes,A2,No,Yes_detailed,,Chrome,Linux,960,432,subj,adult,adult_consent,,30.035616666666666,50,Confused
0.67,carrot,food,huge,soft,size,texture,29,18-24,Español,Yes,No,Yes,A2,No,Yes_detailed,,Chrome,Linux,960,432,subj,adult,adult_consent,,30.035616666666666,50,Confused
0.25,chair,furniture,new,small,age,size,30,18-24,Español,Yes,No,Yes,A2,No,Yes_detailed,,Chrome,Linux,960,432,subj,adult,adult_consent,,30.035616666666666,50,Confused
0.8,fan,furniture,blue,tiny,color,size,31,18-24,Español,Yes,No,Yes,A2,No,Yes_detailed,,Chrome,Linux,960,432,subj,adult,adult_consent,,30.035616666666666,50,Confused
0.93,carrot,food,smooth,wooden,texture,material,6,35_or_older,Español,Yes,No,Yes,A2,No,Not_sure,,Chrome,Linux,835,376,subj,adult,adult_consent,,13.576916666666667,51,Yes
0.0,couch,furniture,green,old,color,age,7,35_or_older,Español,Yes,No,Yes,A2,No,Not_sure,,Chrome,Linux,835,376,subj,adult,adult_consent,,13.576916666666667,51,Yes
0.05,couch,furniture,plastic,bad,material,quality,8,35_or_older,Español,Yes,No,Yes,A2,No,Not_sure,,Chrome,Linux,835,376,subj,adult,adult_consent,,13.576916666666667,51,Yes
0.04,apple,food,brown,square,color,shape,9,35_or_older,Español,Yes,No,Yes,A2,No,Not_sure,,Chrome,Linux,835,376,subj,adult,adult_consent,,13.576916666666667,51,Yes
0.05,banana,food,big,old,size,age,10,35_or_older,Español,Yes,No,Yes,A2,No,Not_sure,,Chrome,Linux,835,376,subj,adult,adult_consent,,13.576916666666667,51,Yes
0.06,carrot,food,square,rotten,shape,age,11,35_or_older,Español,Yes,No,Yes,A2,No,Not_sure,,Chrome,Linux,835,376,subj,adult,adult_consent,,13.576916666666667,51,Yes
0.94,tomato,food,smooth,red,texture,color,12,35_or_older,Español,Yes,No,Yes,A2,No,Not_sure,,Chrome,Linux,835,376,subj,adult,adult_consent,,13.576916666666667,51,Yes
0.04,banana,food,purple,good,color,quality,13,35_or_older,Español,Yes,No,Yes,A2,No,Not_sure,,Chrome,Linux,835,376,subj,adult,adult_consent,,13.576916666666667,51,Yes
0.06,banana,food,round,big,shape,size,14,35_or_older,Español,Yes,No,Yes,A2,No,Not_sure,,Chrome,Linux,835,376,subj,adult,adult_consent,,13.576916666666667,51,Yes
0.99,banana,food,short,yellow,size,color,15,35_or_older,Español,Yes,No,Yes,A2,No,Not_sure,,Chrome,Linux,835,376,subj,adult,adult_consent,,13.576916666666667,51,Yes
0.05,fan,furniture,soft,rotten,texture,age,16,35_or_older,Español,Yes,No,Yes,A2,No,Not_sure,,Chrome,Linux,835,376,subj,adult,adult_consent,,13.576916666666667,51,Yes
0.03,TV,furniture,short,old,size,age,17,35_or_older,Español,Yes,No,Yes,A2,No,Not_sure,,Chrome,Linux,835,376,subj,adult,adult_consent,,13.576916666666667,51,Yes
0.99,tomato,food,small,round,size,shape,18,35_or_older,Español,Yes,No,Yes,A2,No,Not_sure,,Chrome,Linux,835,376,subj,adult,adult_consent,,13.576916666666667,51,Yes
0.07,tomato,food,wooden,short,material,size,19,35_or_older,Español,Yes,No,Yes,A2,No,Not_sure,,Chrome,Linux,835,376,subj,adult,adult_consent,,13.576916666666667,51,Yes
0.04,carrot,food,soft,bad,texture,quality,20,35_or_older,Español,Yes,No,Yes,A2,No,Not_sure,,Chrome,Linux,835,376,subj,adult,adult_consent,,13.576916666666667,51,Yes
0.98,fan,furniture,huge,square,size,shape,21,35_or_older,Español,Yes,No,Yes,A2,No,Not_sure,,Chrome,Linux,835,376,subj,adult,adult_consent,,13.576916666666667,51,Yes
0.96,carrot,food,old,blue,age,color,22,35_or_older,Español,Yes,No,Yes,A2,No,Not_sure,,Chrome,Linux,835,376,subj,adult,adult_consent,,13.576916666666667,51,Yes
0.01,TV,furniture,metal,bad,material,quality,23,35_or_older,Español,Yes,No,Yes,A2,No,Not_sure,,Chrome,Linux,835,376,subj,adult,adult_consent,,13.576916666666667,51,Yes
0.97,couch,furniture,soft,big,texture,size,24,35_or_older,Español,Yes,No,Yes,A2,No,Not_sure,,Chrome,Linux,835,376,subj,adult,adult_consent,,13.576916666666667,51,Yes
0.97,apple,food,long,rotten,size,age,25,35_or_older,Español,Yes,No,Yes,A2,No,Not_sure,,Chrome,Linux,835,376,subj,adult,adult_consent,,13.576916666666667,51,Yes
0.1,banana,food,old,big,age,size,26,35_or_older,Español,Yes,No,Yes,A2,No,Not_sure,,Chrome,Linux,835,376,subj,adult,adult_consent,,13.576916666666667,51,Yes
0.01,fan,furniture,blue,new,color,age,27,35_or_older,Español,Yes,No,Yes,A2,No,Not_sure,,Chrome,Linux,835,376,subj,adult,adult_consent,,13.576916666666667,51,Yes
0.96,apple,food,small,purple,size,color,28,35_or_older,Español,Yes,No,Yes,A2,No,Not_sure,,Chrome,Linux,835,376,subj,adult,adult_consent,,13.576916666666667,51,Yes
0.96,carrot,food,big,hard,size,texture,29,35_or_older,Español,Yes,No,Yes,A2,No,Not_sure,,Chrome,Linux,835,376,subj,adult,adult_consent,,13.576916666666667,51,Yes
0.1,fan,furniture,small,bad,size,quality,30,35_or_older,Español,Yes,No,Yes,A2,No,Not_sure,,Chrome,Linux,835,376,subj,adult,adult_consent,,13.576916666666667,51,Yes
0.94,chair,furniture,green,wooden,color,material,31,35_or_older,Español,Yes,No,Yes,A2,No,Not_sure,,Chrome,Linux,835,376,subj,adult,adult_consent,,13.576916666666667,51,Yes
0.96,carrot,food,smooth,blue,texture,color,6,25-34,Español,Yes,Yes,Yes,A2,No,Only_basic,,Chrome,Linux,1130,509,trad,adult,adult_consent,,14.852783333333333,52,Yes
0.03,TV,furniture,short,blue,size,color,7,25-34,Español,Yes,Yes,Yes,A2,No,Only_basic,,Chrome,Linux,1130,509,trad,adult,adult_consent,,14.852783333333333,52,Yes
0.05,fan,furniture,huge,good,size,quality,8,25-34,Español,Yes,Yes,Yes,A2,No,Only_basic,,Chrome,Linux,1130,509,trad,adult,adult_consent,,14.852783333333333,52,Yes
0.04,couch,furniture,red,soft,color,texture,9,25-34,Español,Yes,Yes,Yes,A2,No,Only_basic,,Chrome,Linux,1130,509,trad,adult,adult_consent,,14.852783333333333,52,Yes
0.0,apple,food,small,soft,size,texture,10,25-34,Español,Yes,Yes,Yes,A2,No,Only_basic,,Chrome,Linux,1130,509,trad,adult,adult_consent,,14.852783333333333,52,Yes
0.04,cheese,food,wooden,brown,material,color,11,25-34,Español,Yes,Yes,Yes,A2,No,Only_basic,,Chrome,Linux,1130,509,trad,adult,adult_consent,,14.852783333333333,52,Yes
0.05,fan,furniture,green,tiny,color,size,12,25-34,Español,Yes,Yes,Yes,A2,No,Only_basic,,Chrome,Linux,1130,509,trad,adult,adult_consent,,14.852783333333333,52,Yes
0.98,couch,furniture,rotten,round,age,shape,13,25-34,Español,Yes,Yes,Yes,A2,No,Only_basic,,Chrome,Linux,1130,509,trad,adult,adult_consent,,14.852783333333333,52,Yes
0.02,banana,food,yellow,new,color,age,14,25-34,Español,Yes,Yes,Yes,A2,No,Only_basic,,Chrome,Linux,1130,509,trad,adult,adult_consent,,14.852783333333333,52,Yes
0.98,chair,furniture,green,metal,color,material,15,25-34,Español,Yes,Yes,Yes,A2,No,Only_basic,,Chrome,Linux,1130,509,trad,adult,adult_consent,,14.852783333333333,52,Yes
0.93,carrot,food,square,green,shape,color,16,25-34,Español,Yes,Yes,Yes,A2,No,Only_basic,,Chrome,Linux,1130,509,trad,adult,adult_consent,,14.852783333333333,52,Yes
0.05,fan,furniture,metal,long,material,size,17,25-34,Español,Yes,Yes,Yes,A2,No,Only_basic,,Chrome,Linux,1130,509,trad,adult,adult_consent,,14.852783333333333,52,Yes
0.95,couch,furniture,small,plastic,size,material,18,25-34,Español,Yes,Yes,Yes,A2,No,Only_basic,,Chrome,Linux,1130,509,trad,adult,adult_consent,,14.852783333333333,52,Yes
0.98,carrot,food,bad,square,quality,shape,19,25-34,Español,Yes,Yes,Yes,A2,No,Only_basic,,Chrome,Linux,1130,509,trad,adult,adult_consent,,14.852783333333333,52,Yes
0.97,apple,food,hard,tiny,texture,size,20,25-34,Español,Yes,Yes,Yes,A2,No,Only_basic,,Chrome,Linux,1130,509,trad,adult,adult_consent,,14.852783333333333,52,Yes
0.04,tomato,food,huge,good,size,quality,21,25-34,Español,Yes,Yes,Yes,A2,No,Only_basic,,Chrome,Linux,1130,509,trad,adult,adult_consent,,14.852783333333333,52,Yes
0.97,fan,furniture,red,short,color,size,22,25-34,Español,Yes,Yes,Yes,A2,No,Only_basic,,Chrome,Linux,1130,509,trad,adult,adult_consent,,14.852783333333333,52,Yes
0.09,cheese,food,round,good,shape,quality,23,25-34,Español,Yes,Yes,Yes,A2,No,Only_basic,,Chrome,Linux,1130,509,trad,adult,adult_consent,,14.852783333333333,52,Yes
0.94,banana,food,new,metal,age,material,24,25-34,Español,Yes,Yes,Yes,A2,No,Only_basic,,Chrome,Linux,1130,509,trad,adult,adult_consent,,14.852783333333333,52,Yes
0.02,banana,food,brown,small,color,size,25,25-34,Español,Yes,Yes,Yes,A2,No,Only_basic,,Chrome,Linux,1130,509,trad,adult,adult_consent,,14.852783333333333,52,Yes
0.97,cheese,food,bad,round,quality,shape,26,25-34,Español,Yes,Yes,Yes,A2,No,Only_basic,,Chrome,Linux,1130,509,trad,adult,adult_consent,,14.852783333333333,52,Yes
0.04,banana,food,small,green,size,color,27,25-34,Español,Yes,Yes,Yes,A2,No,Only_basic,,Chrome,Linux,1130,509,trad,adult,adult_consent,,14.852783333333333,52,Yes
0.93,carrot,food,tiny,green,size,color,28,25-34,Español,Yes,Yes,Yes,A2,No,Only_basic,,Chrome,Linux,1130,509,trad,adult,adult_consent,,14.852783333333333,52,Yes
0.04,desk,furniture,red,new,color,age,29,25-34,Español,Yes,Yes,Yes,A2,No,Only_basic,,Chrome,Linux,1130,509,trad,adult,adult_consent,,14.852783333333333,52,Yes
0.97,cheese,food,rotten,plastic,age,material,30,25-34,Español,Yes,Yes,Yes,A2,No,Only_basic,,Chrome,Linux,1130,509,trad,adult,adult_consent,,14.852783333333333,52,Yes
0.06,carrot,food,tiny,new,size,age,31,25-34,Español,Yes,Yes,Yes,A2,No,Only_basic,,Chrome,Linux,1130,509,trad,adult,adult_consent,,14.852783333333333,52,Yes
0.99,banana,food,hard,metal,texture,material,6,18-24,Español,Yes,Yes,No,A2,No,No,Estuvo interesante ,Chrome,Linux,857,384,subj,adult,adult_consent,,15.3096,53,Yes
0.93,chair,furniture,fresh,blue,age,color,7,18-24,Español,Yes,Yes,No,A2,No,No,Estuvo interesante ,Chrome,Linux,857,384,subj,adult,adult_consent,,15.3096,53,Yes
0.03,cheese,food,green,soft,color,texture,8,18-24,Español,Yes,Yes,No,A2,No,No,Estuvo interesante ,Chrome,Linux,857,384,subj,adult,adult_consent,,15.3096,53,Yes
0.04,couch,furniture,red,huge,color,size,9,18-24,Español,Yes,Yes,No,A2,No,No,Estuvo interesante ,Chrome,Linux,857,384,subj,adult,adult_consent,,15.3096,53,Yes
0.06,couch,furniture,brown,long,color,size,10,18-24,Español,Yes,Yes,No,A2,No,No,Estuvo interesante ,Chrome,Linux,857,384,subj,adult,adult_consent,,15.3096,53,Yes
0.02,apple,food,red,hard,color,texture,11,18-24,Español,Yes,Yes,No,A2,No,No,Estuvo interesante ,Chrome,Linux,857,384,subj,adult,adult_consent,,15.3096,53,Yes
0.89,banana,food,short,metal,size,material,12,18-24,Español,Yes,Yes,No,A2,No,No,Estuvo interesante ,Chrome,Linux,857,384,subj,adult,adult_consent,,15.3096,53,Yes
0.01,couch,furniture,metal,bad,material,quality,13,18-24,Español,Yes,Yes,No,A2,No,No,Estuvo interesante ,Chrome,Linux,857,384,subj,adult,adult_consent,,15.3096,53,Yes
0.06,fan,furniture,wooden,short,material,size,14,18-24,Español,Yes,Yes,No,A2,No,No,Estuvo interesante ,Chrome,Linux,857,384,subj,adult,adult_consent,,15.3096,53,Yes
0.03,cheese,food,red,short,color,size,15,18-24,Español,Yes,Yes,No,A2,No,No,Estuvo interesante ,Chrome,Linux,857,384,subj,adult,adult_consent,,15.3096,53,Yes
0.9,fan,furniture,rotten,brown,age,color,16,18-24,Español,Yes,Yes,No,A2,No,No,Estuvo interesante ,Chrome,Linux,857,384,subj,adult,adult_consent,,15.3096,53,Yes
0.94,chair,furniture,huge,smooth,size,texture,17,18-24,Español,Yes,Yes,No,A2,No,No,Estuvo interesante ,Chrome,Linux,857,384,subj,adult,adult_consent,,15.3096,53,Yes
0.1,carrot,food,old,big,age,size,18,18-24,Español,Yes,Yes,No,A2,No,No,Estuvo interesante ,Chrome,Linux,857,384,subj,adult,adult_consent,,15.3096,53,Yes
0.02,cheese,food,brown,fresh,color,age,19,18-24,Español,Yes,Yes,No,A2,No,No,Estuvo interesante ,Chrome,Linux,857,384,subj,adult,adult_consent,,15.3096,53,Yes
0.04,banana,food,brown,rotten,color,age,20,18-24,Español,Yes,Yes,No,A2,No,No,Estuvo interesante ,Chrome,Linux,857,384,subj,adult,adult_consent,,15.3096,53,Yes
0.93,couch,furniture,fresh,soft,age,texture,21,18-24,Español,Yes,Yes,No,A2,No,No,Estuvo interesante ,Chrome,Linux,857,384,subj,adult,adult_consent,,15.3096,53,Yes
0.0,couch,furniture,red,good,color,quality,22,18-24,Español,Yes,Yes,No,A2,No,No,Estuvo interesante ,Chrome,Linux,857,384,subj,adult,adult_consent,,15.3096,53,Yes
0.04,tomato,food,wooden,short,material,size,23,18-24,Español,Yes,Yes,No,A2,No,No,Estuvo interesante ,Chrome,Linux,857,384,subj,adult,adult_consent,,15.3096,53,Yes
0.06,cheese,food,round,big,shape,size,24,18-24,Español,Yes,Yes,No,A2,No,No,Estuvo interesante ,Chrome,Linux,857,384,subj,adult,adult_consent,,15.3096,53,Yes
0.95,banana,food,new,yellow,age,color,25,18-24,Español,Yes,Yes,No,A2,No,No,Estuvo interesante ,Chrome,Linux,857,384,subj,adult,adult_consent,,15.3096,53,Yes
0.05,couch,furniture,blue,tiny,color,size,26,18-24,Español,Yes,Yes,No,A2,No,No,Estuvo interesante ,Chrome,Linux,857,384,subj,adult,adult_consent,,15.3096,53,Yes
0.92,desk,furniture,tiny,square,size,shape,27,18-24,Español,Yes,Yes,No,A2,No,No,Estuvo interesante ,Chrome,Linux,857,384,subj,adult,adult_consent,,15.3096,53,Yes
0.08,couch,furniture,rotten,blue,age,color,28,18-24,Español,Yes,Yes,No,A2,No,No,Estuvo interesante ,Chrome,Linux,857,384,subj,adult,adult_consent,,15.3096,53,Yes
0.95,chair,furniture,big,purple,size,color,29,18-24,Español,Yes,Yes,No,A2,No,No,Estuvo interesante ,Chrome,Linux,857,384,subj,adult,adult_consent,,15.3096,53,Yes
0.0,apple,food,smooth,small,texture,size,30,18-24,Español,Yes,Yes,No,A2,No,No,Estuvo interesante ,Chrome,Linux,857,384,subj,adult,adult_consent,,15.3096,53,Yes
0.92,desk,furniture,red,plastic,color,material,31,18-24,Español,Yes,Yes,No,A2,No,No,Estuvo interesante ,Chrome,Linux,857,384,subj,adult,adult_consent,,15.3096,53,Yes
0.15,banana,food,yellow,soft,color,texture,6,18-24,Español - Castellano,Yes,Yes,Yes,B2_or_higher,No,Yes_detailed,"En la materia de Introducción a gramática inglesa y en Sintaxis inglesa 1 en la UNT en el profesorado universitario de inglés nos enseñaron que lugar le corresponde a un adjetivo cuando acompaña a un sustantivo. Sin embargo, núnca lo vi identificable en una escala de subjetividad/objetividad, es buenísimo!",Chrome,Linux,915,412,subj,adult,adult_consent,,20.846233333333334,54,Yes
0.98,couch,furniture,small,round,size,shape,7,18-24,Español - Castellano,Yes,Yes,Yes,B2_or_higher,No,Yes_detailed,"En la materia de Introducción a gramática inglesa y en Sintaxis inglesa 1 en la UNT en el profesorado universitario de inglés nos enseñaron que lugar le corresponde a un adjetivo cuando acompaña a un sustantivo. Sin embargo, núnca lo vi identificable en una escala de subjetividad/objetividad, es buenísimo!",Chrome,Linux,915,412,subj,adult,adult_consent,,20.846233333333334,54,Yes
0.94,cheese,food,big,hard,size,texture,8,18-24,Español - Castellano,Yes,Yes,Yes,B2_or_higher,No,Yes_detailed,"En la materia de Introducción a gramática inglesa y en Sintaxis inglesa 1 en la UNT en el profesorado universitario de inglés nos enseñaron que lugar le corresponde a un adjetivo cuando acompaña a un sustantivo. Sin embargo, núnca lo vi identificable en una escala de subjetividad/objetividad, es buenísimo!",Chrome,Linux,915,412,subj,adult,adult_consent,,20.846233333333334,54,Yes
0.96,banana,food,new,yellow,age,color,9,18-24,Español - Castellano,Yes,Yes,Yes,B2_or_higher,No,Yes_detailed,"En la materia de Introducción a gramática inglesa y en Sintaxis inglesa 1 en la UNT en el profesorado universitario de inglés nos enseñaron que lugar le corresponde a un adjetivo cuando acompaña a un sustantivo. Sin embargo, núnca lo vi identificable en una escala de subjetividad/objetividad, es buenísimo!",Chrome,Linux,915,412,subj,adult,adult_consent,,20.846233333333334,54,Yes
0.96,apple,food,good,small,quality,size,10,18-24,Español - Castellano,Yes,Yes,Yes,B2_or_higher,No,Yes_detailed,"En la materia de Introducción a gramática inglesa y en Sintaxis inglesa 1 en la UNT en el profesorado universitario de inglés nos enseñaron que lugar le corresponde a un adjetivo cuando acompaña a un sustantivo. Sin embargo, núnca lo vi identificable en una escala de subjetividad/objetividad, es buenísimo!",Chrome,Linux,915,412,subj,adult,adult_consent,,20.846233333333334,54,Yes
0.06,fan,furniture,wooden,hard,material,texture,11,18-24,Español - Castellano,Yes,Yes,Yes,B2_or_higher,No,Yes_detailed,"En la materia de Introducción a gramática inglesa y en Sintaxis inglesa 1 en la UNT en el profesorado universitario de inglés nos enseñaron que lugar le corresponde a un adjetivo cuando acompaña a un sustantivo. Sin embargo, núnca lo vi identificable en una escala de subjetividad/objetividad, es buenísimo!",Chrome,Linux,915,412,subj,adult,adult_consent,,20.846233333333334,54,Yes
0.98,TV,furniture,round,yellow,shape,color,12,18-24,Español - Castellano,Yes,Yes,Yes,B2_or_higher,No,Yes_detailed,"En la materia de Introducción a gramática inglesa y en Sintaxis inglesa 1 en la UNT en el profesorado universitario de inglés nos enseñaron que lugar le corresponde a un adjetivo cuando acompaña a un sustantivo. Sin embargo, núnca lo vi identificable en una escala de subjetividad/objetividad, es buenísimo!",Chrome,Linux,915,412,subj,adult,adult_consent,,20.846233333333334,54,Yes
0.03,chair,furniture,yellow,short,color,size,13,18-24,Español - Castellano,Yes,Yes,Yes,B2_or_higher,No,Yes_detailed,"En la materia de Introducción a gramática inglesa y en Sintaxis inglesa 1 en la UNT en el profesorado universitario de inglés nos enseñaron que lugar le corresponde a un adjetivo cuando acompaña a un sustantivo. Sin embargo, núnca lo vi identificable en una escala de subjetividad/objetividad, es buenísimo!",Chrome,Linux,915,412,subj,adult,adult_consent,,20.846233333333334,54,Yes
0.96,banana,food,smooth,wooden,texture,material,14,18-24,Español - Castellano,Yes,Yes,Yes,B2_or_higher,No,Yes_detailed,"En la materia de Introducción a gramática inglesa y en Sintaxis inglesa 1 en la UNT en el profesorado universitario de inglés nos enseñaron que lugar le corresponde a un adjetivo cuando acompaña a un sustantivo. Sin embargo, núnca lo vi identificable en una escala de subjetividad/objetividad, es buenísimo!",Chrome,Linux,915,412,subj,adult,adult_consent,,20.846233333333334,54,Yes
0.92,couch,furniture,fresh,red,age,color,15,18-24,Español - Castellano,Yes,Yes,Yes,B2_or_higher,No,Yes_detailed,"En la materia de Introducción a gramática inglesa y en Sintaxis inglesa 1 en la UNT en el profesorado universitario de inglés nos enseñaron que lugar le corresponde a un adjetivo cuando acompaña a un sustantivo. Sin embargo, núnca lo vi identificable en una escala de subjetividad/objetividad, es buenísimo!",Chrome,Linux,915,412,subj,adult,adult_consent,,20.846233333333334,54,Yes
0.01,tomato,food,brown,bad,color,quality,16,18-24,Español - Castellano,Yes,Yes,Yes,B2_or_higher,No,Yes_detailed,"En la materia de Introducción a gramática inglesa y en Sintaxis inglesa 1 en la UNT en el profesorado universitario de inglés nos enseñaron que lugar le corresponde a un adjetivo cuando acompaña a un sustantivo. Sin embargo, núnca lo vi identificable en una escala de subjetividad/objetividad, es buenísimo!",Chrome,Linux,915,412,subj,adult,adult_consent,,20.846233333333334,54,Yes
0.04,chair,furniture,fresh,plastic,age,material,17,18-24,Español - Castellano,Yes,Yes,Yes,B2_or_higher,No,Yes_detailed,"En la materia de Introducción a gramática inglesa y en Sintaxis inglesa 1 en la UNT en el profesorado universitario de inglés nos enseñaron que lugar le corresponde a un adjetivo cuando acompaña a un sustantivo. Sin embargo, núnca lo vi identificable en una escala de subjetividad/objetividad, es buenísimo!",Chrome,Linux,915,412,subj,adult,adult_consent,,20.846233333333334,54,Yes
0.02,fan,furniture,green,old,color,age,18,18-24,Español - Castellano,Yes,Yes,Yes,B2_or_higher,No,Yes_detailed,"En la materia de Introducción a gramática inglesa y en Sintaxis inglesa 1 en la UNT en el profesorado universitario de inglés nos enseñaron que lugar le corresponde a un adjetivo cuando acompaña a un sustantivo. Sin embargo, núnca lo vi identificable en una escala de subjetividad/objetividad, es buenísimo!",Chrome,Linux,915,412,subj,adult,adult_consent,,20.846233333333334,54,Yes
0.98,couch,furniture,huge,wooden,size,material,19,18-24,Español - Castellano,Yes,Yes,Yes,B2_or_higher,No,Yes_detailed,"En la materia de Introducción a gramática inglesa y en Sintaxis inglesa 1 en la UNT en el profesorado universitario de inglés nos enseñaron que lugar le corresponde a un adjetivo cuando acompaña a un sustantivo. Sin embargo, núnca lo vi identificable en una escala de subjetividad/objetividad, es buenísimo!",Chrome,Linux,915,412,subj,adult,adult_consent,,20.846233333333334,54,Yes
0.07,cheese,food,square,soft,shape,texture,20,18-24,Español - Castellano,Yes,Yes,Yes,B2_or_higher,No,Yes_detailed,"En la materia de Introducción a gramática inglesa y en Sintaxis inglesa 1 en la UNT en el profesorado universitario de inglés nos enseñaron que lugar le corresponde a un adjetivo cuando acompaña a un sustantivo. Sin embargo, núnca lo vi identificable en una escala de subjetividad/objetividad, es buenísimo!",Chrome,Linux,915,412,subj,adult,adult_consent,,20.846233333333334,54,Yes
0.03,banana,food,blue,short,color,size,21,18-24,Español - Castellano,Yes,Yes,Yes,B2_or_higher,No,Yes_detailed,"En la materia de Introducción a gramática inglesa y en Sintaxis inglesa 1 en la UNT en el profesorado universitario de inglés nos enseñaron que lugar le corresponde a un adjetivo cuando acompaña a un sustantivo. Sin embargo, núnca lo vi identificable en una escala de subjetividad/objetividad, es buenísimo!",Chrome,Linux,915,412,subj,adult,adult_consent,,20.846233333333334,54,Yes
0.97,TV,furniture,huge,purple,size,color,22,18-24,Español - Castellano,Yes,Yes,Yes,B2_or_higher,No,Yes_detailed,"En la materia de Introducción a gramática inglesa y en Sintaxis inglesa 1 en la UNT en el profesorado universitario de inglés nos enseñaron que lugar le corresponde a un adjetivo cuando acompaña a un sustantivo. Sin embargo, núnca lo vi identificable en una escala de subjetividad/objetividad, es buenísimo!",Chrome,Linux,915,412,subj,adult,adult_consent,,20.846233333333334,54,Yes
0.01,cheese,food,round,huge,shape,size,23,18-24,Español - Castellano,Yes,Yes,Yes,B2_or_higher,No,Yes_detailed,"En la materia de Introducción a gramática inglesa y en Sintaxis inglesa 1 en la UNT en el profesorado universitario de inglés nos enseñaron que lugar le corresponde a un adjetivo cuando acompaña a un sustantivo. Sin embargo, núnca lo vi identificable en una escala de subjetividad/objetividad, es buenísimo!",Chrome,Linux,915,412,subj,adult,adult_consent,,20.846233333333334,54,Yes
0.07,carrot,food,yellow,huge,color,size,24,18-24,Español - Castellano,Yes,Yes,Yes,B2_or_higher,No,Yes_detailed,"En la materia de Introducción a gramática inglesa y en Sintaxis inglesa 1 en la UNT en el profesorado universitario de inglés nos enseñaron que lugar le corresponde a un adjetivo cuando acompaña a un sustantivo. Sin embargo, núnca lo vi identificable en una escala de subjetividad/objetividad, es buenísimo!",Chrome,Linux,915,412,subj,adult,adult_consent,,20.846233333333334,54,Yes
0.06,desk,furniture,hard,new,texture,age,25,18-24,Español - Castellano,Yes,Yes,Yes,B2_or_higher,No,Yes_detailed,"En la materia de Introducción a gramática inglesa y en Sintaxis inglesa 1 en la UNT en el profesorado universitario de inglés nos enseñaron que lugar le corresponde a un adjetivo cuando acompaña a un sustantivo. Sin embargo, núnca lo vi identificable en una escala de subjetividad/objetividad, es buenísimo!",Chrome,Linux,915,412,subj,adult,adult_consent,,20.846233333333334,54,Yes
0.96,carrot,food,soft,wooden,texture,material,26,18-24,Español - Castellano,Yes,Yes,Yes,B2_or_higher,No,Yes_detailed,"En la materia de Introducción a gramática inglesa y en Sintaxis inglesa 1 en la UNT en el profesorado universitario de inglés nos enseñaron que lugar le corresponde a un adjetivo cuando acompaña a un sustantivo. Sin embargo, núnca lo vi identificable en una escala de subjetividad/objetividad, es buenísimo!",Chrome,Linux,915,412,subj,adult,adult_consent,,20.846233333333334,54,Yes
0.03,desk,furniture,rotten,blue,age,color,27,18-24,Español - Castellano,Yes,Yes,Yes,B2_or_higher,No,Yes_detailed,"En la materia de Introducción a gramática inglesa y en Sintaxis inglesa 1 en la UNT en el profesorado universitario de inglés nos enseñaron que lugar le corresponde a un adjetivo cuando acompaña a un sustantivo. Sin embargo, núnca lo vi identificable en una escala de subjetividad/objetividad, es buenísimo!",Chrome,Linux,915,412,subj,adult,adult_consent,,20.846233333333334,54,Yes
0.97,tomato,food,red,rotten,color,age,28,18-24,Español - Castellano,Yes,Yes,Yes,B2_or_higher,No,Yes_detailed,"En la materia de Introducción a gramática inglesa y en Sintaxis inglesa 1 en la UNT en el profesorado universitario de inglés nos enseñaron que lugar le corresponde a un adjetivo cuando acompaña a un sustantivo. Sin embargo, núnca lo vi identificable en una escala de subjetividad/objetividad, es buenísimo!",Chrome,Linux,915,412,subj,adult,adult_consent,,20.846233333333334,54,Yes
0.96,apple,food,tiny,plastic,size,material,29,18-24,Español - Castellano,Yes,Yes,Yes,B2_or_higher,No,Yes_detailed,"En la materia de Introducción a gramática inglesa y en Sintaxis inglesa 1 en la UNT en el profesorado universitario de inglés nos enseñaron que lugar le corresponde a un adjetivo cuando acompaña a un sustantivo. Sin embargo, núnca lo vi identificable en una escala de subjetividad/objetividad, es buenísimo!",Chrome,Linux,915,412,subj,adult,adult_consent,,20.846233333333334,54,Yes
0.98,banana,food,good,long,quality,size,30,18-24,Español - Castellano,Yes,Yes,Yes,B2_or_higher,No,Yes_detailed,"En la materia de Introducción a gramática inglesa y en Sintaxis inglesa 1 en la UNT en el profesorado universitario de inglés nos enseñaron que lugar le corresponde a un adjetivo cuando acompaña a un sustantivo. Sin embargo, núnca lo vi identificable en una escala de subjetividad/objetividad, es buenísimo!",Chrome,Linux,915,412,subj,adult,adult_consent,,20.846233333333334,54,Yes
0.04,desk,furniture,brown,small,color,size,31,18-24,Español - Castellano,Yes,Yes,Yes,B2_or_higher,No,Yes_detailed,"En la materia de Introducción a gramática inglesa y en Sintaxis inglesa 1 en la UNT en el profesorado universitario de inglés nos enseñaron que lugar le corresponde a un adjetivo cuando acompaña a un sustantivo. Sin embargo, núnca lo vi identificable en una escala de subjetividad/objetividad, es buenísimo!",Chrome,Linux,915,412,subj,adult,adult_consent,,20.846233333333334,54,Yes
0.97,TV,furniture,old,purple,age,color,6,18-24,español,Yes,No,Yes,A2,No,No,entretenido ,Chrome,Linux,857,384,subj,adult,adult_consent,,8.847466666666667,55,Yes
0.08,tomato,food,green,plastic,color,material,7,18-24,español,Yes,No,Yes,A2,No,No,entretenido ,Chrome,Linux,857,384,subj,adult,adult_consent,,8.847466666666667,55,Yes
0.05,couch,furniture,short,old,size,age,8,18-24,español,Yes,No,Yes,A2,No,No,entretenido ,Chrome,Linux,857,384,subj,adult,adult_consent,,8.847466666666667,55,Yes
0.93,TV,furniture,tiny,yellow,size,color,9,18-24,español,Yes,No,Yes,A2,No,No,entretenido ,Chrome,Linux,857,384,subj,adult,adult_consent,,8.847466666666667,55,Yes
0.97,fan,furniture,bad,purple,quality,color,10,18-24,español,Yes,No,Yes,A2,No,No,entretenido ,Chrome,Linux,857,384,subj,adult,adult_consent,,8.847466666666667,55,Yes
0.05,cheese,food,purple,soft,color,texture,11,18-24,español,Yes,No,Yes,A2,No,No,entretenido ,Chrome,Linux,857,384,subj,adult,adult_consent,,8.847466666666667,55,Yes
0.95,couch,furniture,rotten,plastic,age,material,12,18-24,español,Yes,No,Yes,A2,No,No,entretenido ,Chrome,Linux,857,384,subj,adult,adult_consent,,8.847466666666667,55,Yes
0.02,couch,furniture,round,new,shape,age,13,18-24,español,Yes,No,Yes,A2,No,No,entretenido ,Chrome,Linux,857,384,subj,adult,adult_consent,,8.847466666666667,55,Yes
0.04,carrot,food,yellow,good,color,quality,14,18-24,español,Yes,No,Yes,A2,No,No,entretenido ,Chrome,Linux,857,384,subj,adult,adult_consent,,8.847466666666667,55,Yes
0.96,couch,furniture,fresh,purple,age,color,15,18-24,español,Yes,No,Yes,A2,No,No,entretenido ,Chrome,Linux,857,384,subj,adult,adult_consent,,8.847466666666667,55,Yes
0.04,banana,food,small,new,size,age,16,18-24,español,Yes,No,Yes,A2,No,No,entretenido ,Chrome,Linux,857,384,subj,adult,adult_consent,,8.847466666666667,55,Yes
0.91,desk,furniture,bad,brown,quality,color,17,18-24,español,Yes,No,Yes,A2,No,No,entretenido ,Chrome,Linux,857,384,subj,adult,adult_consent,,8.847466666666667,55,Yes
0.06,tomato,food,yellow,metal,color,material,18,18-24,español,Yes,No,Yes,A2,No,No,entretenido ,Chrome,Linux,857,384,subj,adult,adult_consent,,8.847466666666667,55,Yes
0.87,fan,furniture,rotten,small,age,size,19,18-24,español,Yes,No,Yes,A2,No,No,entretenido ,Chrome,Linux,857,384,subj,adult,adult_consent,,8.847466666666667,55,Yes
0.1,chair,furniture,brown,tiny,color,size,20,18-24,español,Yes,No,Yes,A2,No,No,entretenido ,Chrome,Linux,857,384,subj,adult,adult_consent,,8.847466666666667,55,Yes
0.95,chair,furniture,good,old,quality,age,21,18-24,español,Yes,No,Yes,A2,No,No,entretenido ,Chrome,Linux,857,384,subj,adult,adult_consent,,8.847466666666667,55,Yes
0.88,apple,food,old,small,age,size,22,18-24,español,Yes,No,Yes,A2,No,No,entretenido ,Chrome,Linux,857,384,subj,adult,adult_consent,,8.847466666666667,55,Yes
0.89,desk,furniture,fresh,metal,age,material,23,18-24,español,Yes,No,Yes,A2,No,No,entretenido ,Chrome,Linux,857,384,subj,adult,adult_consent,,8.847466666666667,55,Yes
0.82,TV,furniture,wooden,square,material,shape,24,18-24,español,Yes,No,Yes,A2,No,No,entretenido ,Chrome,Linux,857,384,subj,adult,adult_consent,,8.847466666666667,55,Yes
0.87,tomato,food,small,purple,size,color,25,18-24,español,Yes,No,Yes,A2,No,No,entretenido ,Chrome,Linux,857,384,subj,adult,adult_consent,,8.847466666666667,55,Yes
0.82,chair,furniture,small,metal,size,material,26,18-24,español,Yes,No,Yes,A2,No,No,entretenido ,Chrome,Linux,857,384,subj,adult,adult_consent,,8.847466666666667,55,Yes
0.82,fan,furniture,wooden,green,material,color,27,18-24,español,Yes,No,Yes,A2,No,No,entretenido ,Chrome,Linux,857,384,subj,adult,adult_consent,,8.847466666666667,55,Yes
0.98,couch,furniture,metal,purple,material,color,28,18-24,español,Yes,No,Yes,A2,No,No,entretenido ,Chrome,Linux,857,384,subj,adult,adult_consent,,8.847466666666667,55,Yes
0.05,desk,furniture,short,purple,size,color,29,18-24,español,Yes,No,Yes,A2,No,No,entretenido ,Chrome,Linux,857,384,subj,adult,adult_consent,,8.847466666666667,55,Yes
0.09,chair,furniture,green,metal,color,material,30,18-24,español,Yes,No,Yes,A2,No,No,entretenido ,Chrome,Linux,857,384,subj,adult,adult_consent,,8.847466666666667,55,Yes
0.12,desk,furniture,plastic,new,material,age,31,18-24,español,Yes,No,Yes,A2,No,No,entretenido ,Chrome,Linux,857,384,subj,adult,adult_consent,,8.847466666666667,55,Yes
0.96,banana,food,hard,square,texture,shape,6,18-24,Español,Yes,No,Yes,B1+,No,No,"Me parece una investigacion muy interesante, mucha suerte con la investigacion! ",Chrome,Linux,854,385,subj,adult,adult_consent,,30.566766666666666,56,Confused
0.96,TV,furniture,rotten,yellow,age,color,7,18-24,Español,Yes,No,Yes,B1+,No,No,"Me parece una investigacion muy interesante, mucha suerte con la investigacion! ",Chrome,Linux,854,385,subj,adult,adult_consent,,30.566766666666666,56,Confused
0.92,desk,furniture,huge,yellow,size,color,8,18-24,Español,Yes,No,Yes,B1+,No,No,"Me parece una investigacion muy interesante, mucha suerte con la investigacion! ",Chrome,Linux,854,385,subj,adult,adult_consent,,30.566766666666666,56,Confused
0.96,cheese,food,big,wooden,size,material,9,18-24,Español,Yes,No,Yes,B1+,No,No,"Me parece una investigacion muy interesante, mucha suerte con la investigacion! ",Chrome,Linux,854,385,subj,adult,adult_consent,,30.566766666666666,56,Confused
0.06,tomato,food,red,round,color,shape,10,18-24,Español,Yes,No,Yes,B1+,No,No,"Me parece una investigacion muy interesante, mucha suerte con la investigacion! ",Chrome,Linux,854,385,subj,adult,adult_consent,,30.566766666666666,56,Confused
0.06,fan,furniture,wooden,small,material,size,11,18-24,Español,Yes,No,Yes,B1+,No,No,"Me parece una investigacion muy interesante, mucha suerte con la investigacion! ",Chrome,Linux,854,385,subj,adult,adult_consent,,30.566766666666666,56,Confused
0.04,desk,furniture,square,small,shape,size,12,18-24,Español,Yes,No,Yes,B1+,No,No,"Me parece una investigacion muy interesante, mucha suerte con la investigacion! ",Chrome,Linux,854,385,subj,adult,adult_consent,,30.566766666666666,56,Confused
0.02,fan,furniture,red,round,color,shape,13,18-24,Español,Yes,No,Yes,B1+,No,No,"Me parece una investigacion muy interesante, mucha suerte con la investigacion! ",Chrome,Linux,854,385,subj,adult,adult_consent,,30.566766666666666,56,Confused
0.99,fan,furniture,small,smooth,size,texture,14,18-24,Español,Yes,No,Yes,B1+,No,No,"Me parece una investigacion muy interesante, mucha suerte con la investigacion! ",Chrome,Linux,854,385,subj,adult,adult_consent,,30.566766666666666,56,Confused
0.99,cheese,food,smooth,green,texture,color,15,18-24,Español,Yes,No,Yes,B1+,No,No,"Me parece una investigacion muy interesante, mucha suerte con la investigacion! ",Chrome,Linux,854,385,subj,adult,adult_consent,,30.566766666666666,56,Confused
0.97,TV,furniture,new,soft,age,texture,16,18-24,Español,Yes,No,Yes,B1+,No,No,"Me parece una investigacion muy interesante, mucha suerte con la investigacion! ",Chrome,Linux,854,385,subj,adult,adult_consent,,30.566766666666666,56,Confused
0.0,cheese,food,green,round,color,shape,17,18-24,Español,Yes,No,Yes,B1+,No,No,"Me parece una investigacion muy interesante, mucha suerte con la investigacion! ",Chrome,Linux,854,385,subj,adult,adult_consent,,30.566766666666666,56,Confused
0.08,apple,food,small,hard,size,texture,18,18-24,Español,Yes,No,Yes,B1+,No,No,"Me parece una investigacion muy interesante, mucha suerte con la investigacion! ",Chrome,Linux,854,385,subj,adult,adult_consent,,30.566766666666666,56,Confused
0.97,desk,furniture,fresh,metal,age,material,19,18-24,Español,Yes,No,Yes,B1+,No,No,"Me parece una investigacion muy interesante, mucha suerte con la investigacion! ",Chrome,Linux,854,385,subj,adult,adult_consent,,30.566766666666666,56,Confused
0.04,fan,furniture,metal,rotten,material,age,20,18-24,Español,Yes,No,Yes,B1+,No,No,"Me parece una investigacion muy interesante, mucha suerte con la investigacion! ",Chrome,Linux,854,385,subj,adult,adult_consent,,30.566766666666666,56,Confused
0.93,couch,furniture,brown,plastic,color,material,21,18-24,Español,Yes,No,Yes,B1+,No,No,"Me parece una investigacion muy interesante, mucha suerte con la investigacion! ",Chrome,Linux,854,385,subj,adult,adult_consent,,30.566766666666666,56,Confused
0.02,apple,food,wooden,blue,material,color,22,18-24,Español,Yes,No,Yes,B1+,No,No,"Me parece una investigacion muy interesante, mucha suerte con la investigacion! ",Chrome,Linux,854,385,subj,adult,adult_consent,,30.566766666666666,56,Confused
0.96,couch,furniture,big,rotten,size,age,23,18-24,Español,Yes,No,Yes,B1+,No,No,"Me parece una investigacion muy interesante, mucha suerte con la investigacion! ",Chrome,Linux,854,385,subj,adult,adult_consent,,30.566766666666666,56,Confused
0.96,TV,furniture,short,bad,size,quality,24,18-24,Español,Yes,No,Yes,B1+,No,No,"Me parece una investigacion muy interesante, mucha suerte con la investigacion! ",Chrome,Linux,854,385,subj,adult,adult_consent,,30.566766666666666,56,Confused
0.92,cheese,food,green,wooden,color,material,25,18-24,Español,Yes,No,Yes,B1+,No,No,"Me parece una investigacion muy interesante, mucha suerte con la investigacion! ",Chrome,Linux,854,385,subj,adult,adult_consent,,30.566766666666666,56,Confused
0.97,TV,furniture,big,brown,size,color,26,18-24,Español,Yes,No,Yes,B1+,No,No,"Me parece una investigacion muy interesante, mucha suerte con la investigacion! ",Chrome,Linux,854,385,subj,adult,adult_consent,,30.566766666666666,56,Confused
0.98,desk,furniture,rotten,hard,age,texture,27,18-24,Español,Yes,No,Yes,B1+,No,No,"Me parece una investigacion muy interesante, mucha suerte con la investigacion! ",Chrome,Linux,854,385,subj,adult,adult_consent,,30.566766666666666,56,Confused
0.96,apple,food,long,brown,size,color,28,18-24,Español,Yes,No,Yes,B1+,No,No,"Me parece una investigacion muy interesante, mucha suerte con la investigacion! ",Chrome,Linux,854,385,subj,adult,adult_consent,,30.566766666666666,56,Confused
0.99,chair,furniture,green,wooden,color,material,29,18-24,Español,Yes,No,Yes,B1+,No,No,"Me parece una investigacion muy interesante, mucha suerte con la investigacion! ",Chrome,Linux,854,385,subj,adult,adult_consent,,30.566766666666666,56,Confused
0.02,tomato,food,blue,good,color,quality,30,18-24,Español,Yes,No,Yes,B1+,No,No,"Me parece una investigacion muy interesante, mucha suerte con la investigacion! ",Chrome,Linux,854,385,subj,adult,adult_consent,,30.566766666666666,56,Confused
0.02,chair,furniture,square,smooth,shape,texture,31,18-24,Español,Yes,No,Yes,B1+,No,No,"Me parece una investigacion muy interesante, mucha suerte con la investigacion! ",Chrome,Linux,854,385,subj,adult,adult_consent,,30.566766666666666,56,Confused
